id,filename,customer,doc_code,doc_name,revision_date,doc_type,review_summary,processed_at
35,Audi_LAH 893 010 - Q Lastenheft der AUDI AG - Anlage 1 Formel Q Neuteile Integral.pdf,Audi,LAH 893 010,Audi LAH 893 010 Q Lastenheft der AUDI AG Anlage 1 Formel Q Neuteile Integral,N/A,부품 시험 절차서 (Test Procedure),"이 문서는 완성차 제조사 Audi의 LAH 893 010 관련 기술 표준서입니다. 자동 파싱 결과 문서의 주요 구성 및 용도는 부품 시험 절차서로 감지되었습니다. 시스템은 이 규격을 바탕으로 치수 준수 여부, 주기적인 제조 신뢰성 확보, 및 협력사 관리 가이드라인의 핵심 조항들을 자동으로 식별하여 추적하고 있습니다.",2026-05-27T17:15:18.615897
40,Audi_LAH 893 010 - Q-Lastenheft der AUDI AG - Anlage 3_Qualitätsnachweis für die Vorserienphase.doc,Audi,LAH 893 010,Audi LAH 893 010 Q Lastenheft der AUDI AG Anlage 3 Qualitätsnachweis für die Vorserienphase,N/A,기타 사양서 (General Specification),"이 문서는 완성차 제조사 Audi의 LAH 893 010 관련 기술 표준서입니다. 자동 파싱 결과 문서의 주요 구성 및 용도는 일반 기술 표준로 감지되었습니다. 시스템은 이 규격을 바탕으로 치수 준수 여부, 주기적인 제조 신뢰성 확보, 및 협력사 관리 가이드라인의 핵심 조항들을 자동으로 식별하여 추적하고 있습니다.",2026-05-27T17:15:24.297530
49,Audi_LAH 893 010 - The AUDI AG Quality Manual Status 8_2006.pdf,Audi,LAH 893 010,Audi LAH 893 010 The AUDI AG Quality Manual Status 8 2006,N/A,부품 시험 절차서 (Test Procedure),"이 문서는 완성차 제조사 Audi의 LAH 893 010 관련 기술 표준서입니다. 자동 파싱 결과 문서의 주요 구성 및 용도는 부품 시험 절차서로 감지되었습니다. 시스템은 이 규격을 바탕으로 치수 준수 여부, 주기적인 제조 신뢰성 확보, 및 협력사 관리 가이드라인의 핵심 조항들을 자동으로 식별하여 추적하고 있습니다.",2026-05-27T17:15:34.972068
58,Audi_LAH 893 010 - Q-Lastenheft der AUDI AG - Anlage 4 Richtlinie für die Ermittlung von Maschinen- und Prozeßfähigkeit_1999.pdf,Audi,LAH 893 010,Audi LAH 893 010 Q Lastenheft der AUDI AG Anlage 4 Richtlinie für die Ermittlung von Maschinen und Prozeßfähigkeit 1999,N/A,기타 사양서 (General Specification),"이 문서는 완성차 제조사 Audi의 LAH 893 010 관련 기술 표준서입니다. 자동 파싱 결과 문서의 주요 구성 및 용도는 일반 기술 표준로 감지되었습니다. 시스템은 이 규격을 바탕으로 치수 준수 여부, 주기적인 제조 신뢰성 확보, 및 협력사 관리 가이드라인의 핵심 조항들을 자동으로 식별하여 추적하고 있습니다.",2026-05-27T17:15:39.822841
92,Audi_LAH 893 010 - Q-Lastenheft der AUDI AG - Anlage 10 Anforderungen an die Fertigungs- und Prüftechnik_2006.xls,Audi,LAH 893 010,Excel Workbook: Audi_LAH 893 010 - Q-Lastenheft der AUDI AG - Anlage 10 Anforderungen an die Fertigungs- und Prüftechnik_2006.xls (자동 추출),N/A,부품 시험 절차서 (Test Procedure),"이 문서는 완성차 제조사 Audi의 LAH 893 010 관련 기술 표준서입니다. 자동 파싱 결과 문서의 주요 구성 및 용도는 부품 시험 절차서로 감지되었습니다. 시스템은 이 규격을 바탕으로 치수 준수 여부, 주기적인 제조 신뢰성 확보, 및 협력사 관리 가이드라인의 핵심 조항들을 자동으로 식별하여 추적하고 있습니다.",2026-05-27T17:15:50.398159
116,Audi_LAH 893 010 - Q-Lastenheft der AUDI AG - Anlage 5 VDA-Deckblatt Erstbemusterung_2004.xls,Audi,LAH 893 010,Excel Workbook: Audi_LAH 893 010 - Q-Lastenheft der AUDI AG - Anlage 5 VDA-Deckblatt Erstbemusterung_2004.xls (자동 추출),N/A,부품 시험 절차서 (Test Procedure),"이 문서는 완성차 제조사 Audi의 LAH 893 010 관련 기술 표준서입니다. 자동 파싱 결과 문서의 주요 구성 및 용도는 부품 시험 절차서로 감지되었습니다. 시스템은 이 규격을 바탕으로 치수 준수 여부, 주기적인 제조 신뢰성 확보, 및 협력사 관리 가이드라인의 핵심 조항들을 자동으로 식별하여 추적하고 있습니다.",2026-05-27T17:16:01.072744
117,Audi_LAH 893 010 - Q-Lastenheft der AUDI AG - Anlage 7 Qualitätsleistungskosten 0km_2005.pdf,Audi,LAH 893 010,Audi LAH 893 010 Q Lastenheft der AUDI AG Anlage 7 Qualitätsleistungskosten 0km 2005,N/A,기타 사양서 (General Specification),"이 문서는 완성차 제조사 Audi의 LAH 893 010 관련 기술 표준서입니다. 자동 파싱 결과 문서의 주요 구성 및 용도는 일반 기술 표준로 감지되었습니다. 시스템은 이 규격을 바탕으로 치수 준수 여부, 주기적인 제조 신뢰성 확보, 및 협력사 관리 가이드라인의 핵심 조항들을 자동으로 식별하여 추적하고 있습니다.",2026-05-27T17:16:01.111891
127,Audi_LAH 893 010 - Q-Lastenheft der AUDI AG - Q-Lastenheft der AUDI AG_2013.pdf,Audi,LAH 893 010,Audi LAH 893 010 Q Lastenheft der AUDI AG Q Lastenheft der AUDI AG 2013,N/A,품질 관리 사양 (Quality Assurance Standard),"이 문서는 완성차 제조사 Audi의 LAH 893 010 관련 기술 표준서입니다. 자동 파싱 결과 문서의 주요 구성 및 용도는 품질 관리 사양로 감지되었습니다. 시스템은 이 규격을 바탕으로 치수 준수 여부, 주기적인 제조 신뢰성 확보, 및 협력사 관리 가이드라인의 핵심 조항들을 자동으로 식별하여 추적하고 있습니다.",2026-05-27T17:16:07.076848
108,Audi_LAH 893 010 - Q-Lastenheft der AUDI AG - Anlage 2_Teilelebenslauf.xls,Audi,LAH 893 010 (Anlage 2),Q-Lastenheft der AUDI AG - Anlage 2_Teilelebenslauf (부품이력서 양식 및 이력 추적 요구 조건),2001-04-23,품질 관리 사양 (Quality Assurance Standard),"아우디(Audi AG)의 품질 규격서 LAH 893 010의 '부품 이력(Teilelebenslauf)' 서식 및 이력 관리 규정입니다. 이 문서는 완성차에 적용되는 부품의 라이프 사이클 동안 발생하는 개발 변경, 설계 수정, 승인 이정표(Milestones), 초도품 샘플 검사(Bemusterung), 도면 개정 등을 날짜순으로 정밀 기록하도록 규정하고 있습니다. 협력사는 도면 변경 인덱스(G-Stand)와 품질 동합 승인 내역을 정확히 관리하여 단일 부품의 추적성(Traceability)을 완벽히 확보해야 합니다.",2026-05-27T17:16:00.040174
29,BMW_QMT Entwurf_Prozess-Lastenheft_Reifen_V7_20241119.pdf,BMW,BMW QMT Reifen V7,BMW QMT Entwurf Prozess Lastenheft Reifen V7 20241119,N/A,부품 시험 절차서 (Test Procedure),"이 문서는 완성차 제조사 BMW의 BMW QMT Reifen V7 관련 기술 표준서입니다. 자동 파싱 결과 문서의 주요 구성 및 용도는 부품 시험 절차서로 감지되었습니다. 시스템은 이 규격을 바탕으로 치수 준수 여부, 주기적인 제조 신뢰성 확보, 및 협력사 관리 가이드라인의 핵심 조항들을 자동으로 식별하여 추적하고 있습니다.",2026-05-27T17:15:14.033346
139,BMW_GS 90003-1 TIGHTENING TORQUES AND CLAMPING FORCES FOR SCREWS  .pdf,BMW,GS 90003-1,BMW Group Standard GS 90003- -1 (자동 추출),N/A,부품 시험 절차서 (Test Procedure),"이 문서는 완성차 제조사 BMW의 GS 90003-1 관련 기술 표준서입니다. 자동 파싱 결과 문서의 주요 구성 및 용도는 부품 시험 절차서로 감지되었습니다. 시스템은 이 규격을 바탕으로 치수 준수 여부, 주기적인 제조 신뢰성 확보, 및 협력사 관리 가이드라인의 핵심 조항들을 자동으로 식별하여 추적하고 있습니다.",2026-05-27T17:16:18.653878
87,BMW_GS 90010-1 TYPES OF SURFACE PROTECTION FOR METALLIC MATERIALS .pdf,BMW,GS 90010-1,Types of Surface Protection for Metallic Materials (금속 재료용 표면 보호 및 도금 사양),2020-11-01,재료 엔지니어링 규격 (Engineering Material Standard),"BMW 그룹의 대표적인 금속 표면 처리 및 부식 방지 규격서입니다. 금속 소재 부품(볼트, 너트 등의 패스너류 및 기계 부품)의 표면 보호 코드 체계, 아연 피막, 아연-니켈 전기도금, 도장 등 보호 피막별 두께, 마찰 계수 조정 범위 및 염수분무시험(Salt Spray Test) 기준 시간을 상세히 규정하고 있습니다. 화장 부식(White rust) 및 적청(Red rust) 발생을 방지하여 완성차 내구 신뢰성을 높이기 위한 설계 표준입니다.",2026-05-27T17:15:48.733848
20,BMW_GS 90010-2 TYPES OF SURFACE PROTECTION FOR METALLIC MATERIALS.pdf,BMW,GS 90010-2,GS 90010-2:2021-03 (자동 추출),2021-03,부품 시험 절차서 (Test Procedure),"이 문서는 완성차 제조사 BMW의 GS 90010-2 관련 기술 표준서입니다. 자동 파싱 결과 문서의 주요 구성 및 용도는 부품 시험 절차서로 감지되었습니다. 시스템은 이 규격을 바탕으로 치수 준수 여부, 주기적인 제조 신뢰성 확보, 및 협력사 관리 가이드라인의 핵심 조항들을 자동으로 식별하여 추적하고 있습니다.",2026-05-27T17:15:09.341832
115,BMW_GS 90017 CONTINUOUS ASSURANCE OF PRODUCT RELIABILITY IN THE .pdf,BMW,GS 90017,GS 90017:2019-09 (자동 추출),2019-09,부품 시험 절차서 (Test Procedure),"이 문서는 완성차 제조사 BMW의 GS 90017 관련 기술 표준서입니다. 자동 파싱 결과 문서의 주요 구성 및 용도는 부품 시험 절차서로 감지되었습니다. 시스템은 이 규격을 바탕으로 치수 준수 여부, 주기적인 제조 신뢰성 확보, 및 협력사 관리 가이드라인의 핵심 조항들을 자동으로 식별하여 추적하고 있습니다.",2026-05-27T17:16:00.523233
59,BMW_GS 90018-1 REQUALIFICATION OF PRODUCT AND PROCESS AT SUPPLIER .pdf,BMW,GS 90018-1,Requalification of Product and Process at Supplier (공급업체의 제품 및 공정 정기 재자격 심사/재평가),2022-04,공급사 품질 보증 사양 (Supplier Quality Standard),"BMW 그룹 표준 GS 90018-1은 대량 생산 중인 부품 및 제조 공정이 개발 당시의 승인 조건(PPAP) 및 품질 사양을 지속적으로 준수하고 있는지 공급사가 정기적으로 자체 검증(Requalification, 재자격 평가)하도록 의무화하는 규격입니다. 일반적으로 매년 최소 1회 수행해야 하며 치수 검사, 재질 분석, 기능/내구 시험 및 제조 공정 매개변수 점검을 포함합니다. 이를 통해 양산 안정성과 양산 변화에 따른 리스크를 예방합니다.",2026-05-27T17:15:39.971010
80,BMW_GS 90018-2 REQUALIFICATION OF PRODUCT AND PROCESS AT SUPPLIER .pdf,BMW,GS 90018-2,GS 90018-2: 2022- 04 (자동 추출),2006-02,부품 시험 절차서 (Test Procedure),"이 문서는 완성차 제조사 BMW의 GS 90018-2 관련 기술 표준서입니다. 자동 파싱 결과 문서의 주요 구성 및 용도는 부품 시험 절차서로 감지되었습니다. 시스템은 이 규격을 바탕으로 치수 준수 여부, 주기적인 제조 신뢰성 확보, 및 협력사 관리 가이드라인의 핵심 조항들을 자동으로 식별하여 추적하고 있습니다.",2026-05-27T17:15:46.716921
95,BMW_GS 91001 MARKING OF PARTS; WITH TRADEMARK AND PART IDENTIFI .pdf,BMW,GS 91001,GS 91001:2020-06 (자동 추출),2020-06,부품 시험 절차서 (Test Procedure),"이 문서는 완성차 제조사 BMW의 GS 91001 관련 기술 표준서입니다. 자동 파싱 결과 문서의 주요 구성 및 용도는 부품 시험 절차서로 감지되었습니다. 시스템은 이 규격을 바탕으로 치수 준수 여부, 주기적인 제조 신뢰성 확보, 및 협력사 관리 가이드라인의 핵심 조항들을 자동으로 식별하여 추적하고 있습니다.",2026-05-27T17:15:50.589660
30,BMW_GS 91002 MARKING OF PARTS; TRADEMARK FOR MARKING OF PARTS .pdf,BMW,GS 91002,GS 91002:2021- 11 (자동 추출),N/A,부품 시험 절차서 (Test Procedure),"이 문서는 완성차 제조사 BMW의 GS 91002 관련 기술 표준서입니다. 자동 파싱 결과 문서의 주요 구성 및 용도는 부품 시험 절차서로 감지되었습니다. 시스템은 이 규격을 바탕으로 치수 준수 여부, 주기적인 제조 신뢰성 확보, 및 협력사 관리 가이드라인의 핵심 조항들을 자동으로 식별하여 추적하고 있습니다.",2026-05-27T17:15:14.544552
91,BMW_GS 91003 MARKING OF PARTS; MARKING OF MATERIALS.pdf,BMW,GS 91003,GS 91003:2020-08 (자동 추출),2020-08,부품 시험 절차서 (Test Procedure),"이 문서는 완성차 제조사 BMW의 GS 91003 관련 기술 표준서입니다. 자동 파싱 결과 문서의 주요 구성 및 용도는 부품 시험 절차서로 감지되었습니다. 시스템은 이 규격을 바탕으로 치수 준수 여부, 주기적인 제조 신뢰성 확보, 및 협력사 관리 가이드라인의 핵심 조항들을 자동으로 식별하여 추적하고 있습니다.",2026-05-27T17:15:50.233567
101,BMW_GS 91010-2 MARKING OF PARTS; MARKING WITH DATA MATRIX CODE OR .pdf,BMW,GS 91010-2,GS 91010-2: 2021- 12 (자동 추출),N/A,부품 시험 절차서 (Test Procedure),"이 문서는 완성차 제조사 BMW의 GS 91010-2 관련 기술 표준서입니다. 자동 파싱 결과 문서의 주요 구성 및 용도는 부품 시험 절차서로 감지되었습니다. 시스템은 이 규격을 바탕으로 치수 준수 여부, 주기적인 제조 신뢰성 확보, 및 협력사 관리 가이드라인의 핵심 조항들을 자동으로 식별하여 추적하고 있습니다.",2026-05-27T17:15:53.058150
163,BMW_GS 91011 SPECIAL CHARACTERISTICS AND L MARKING IDENTIFICAT .pdf,BMW,GS 91011,GS 91011:2021-05 (자동 추출),2021-05,부품 시험 절차서 (Test Procedure),"이 문서는 완성차 제조사 BMW의 GS 91011 관련 기술 표준서입니다. 자동 파싱 결과 문서의 주요 구성 및 용도는 부품 시험 절차서로 감지되었습니다. 시스템은 이 규격을 바탕으로 치수 준수 여부, 주기적인 제조 신뢰성 확보, 및 협력사 관리 가이드라인의 핵심 조항들을 자동으로 식별하여 추적하고 있습니다.",2026-05-27T17:16:27.828900
111,BMW_GS 93008-1 SUBSTANCES OF CONCERN; MATERIALS AND COMPONENTS; P .pdf,BMW,GS 93008-1,GS 93008-1:2020-10 (자동 추출),2020-10,부품 시험 절차서 (Test Procedure),"이 문서는 완성차 제조사 BMW의 GS 93008-1 관련 기술 표준서입니다. 자동 파싱 결과 문서의 주요 구성 및 용도는 부품 시험 절차서로 감지되었습니다. 시스템은 이 규격을 바탕으로 치수 준수 여부, 주기적인 제조 신뢰성 확보, 및 협력사 관리 가이드라인의 핵심 조항들을 자동으로 식별하여 추적하고 있습니다.",2026-05-27T17:16:00.296394
64,BMW_GS 93008-2 SUBSTANCES OF CONCERN; PROCESS MATERIALS AND AUXIL .pdf,BMW,GS 93008-2,BMW Group Standard Released GS 93008- 2 (자동 추출),2021-05,부품 시험 절차서 (Test Procedure),"이 문서는 완성차 제조사 BMW의 GS 93008-2 관련 기술 표준서입니다. 자동 파싱 결과 문서의 주요 구성 및 용도는 부품 시험 절차서로 감지되었습니다. 시스템은 이 규격을 바탕으로 치수 준수 여부, 주기적인 제조 신뢰성 확보, 및 협력사 관리 가이드라인의 핵심 조항들을 자동으로 식별하여 추적하고 있습니다.",2026-05-27T17:15:40.755424
96,BMW_GS 93016 PLASTICS; THERMOPLASTICS; SELECTION LIST .pdf,BMW,GS 93016,BMW Group Standard Released GS 93016 (자동 추출),2021-08,부품 시험 절차서 (Test Procedure),"이 문서는 완성차 제조사 BMW의 GS 93016 관련 기술 표준서입니다. 자동 파싱 결과 문서의 주요 구성 및 용도는 부품 시험 절차서로 감지되었습니다. 시스템은 이 규격을 바탕으로 치수 준수 여부, 주기적인 제조 신뢰성 확보, 및 협력사 관리 가이드라인의 핵심 조항들을 자동으로 식별하여 추적하고 있습니다.",2026-05-27T17:15:50.955872
157,BMW_GS 95004 FAILURE ANALYSIS; PART ANALYSIS OF FIELD COMPLAINT .pdf,BMW,GS 95004,BMW Group Standard  GS 95004 (자동 추출),2018-07,부품 시험 절차서 (Test Procedure),"이 문서는 완성차 제조사 BMW의 GS 95004 관련 기술 표준서입니다. 자동 파싱 결과 문서의 주요 구성 및 용도는 부품 시험 절차서로 감지되었습니다. 시스템은 이 규격을 바탕으로 치수 준수 여부, 주기적인 제조 신뢰성 확보, 및 협력사 관리 가이드라인의 핵심 조항들을 자동으로 식별하여 추적하고 있습니다.",2026-05-27T17:16:24.297847
119,BMW_GS 98000 STATISTICAL CAPABILITY STUDIES .pdf,BMW,GS 98000,BMW Group Standard  GS 98000 (자동 추출),2018-05,부품 시험 절차서 (Test Procedure),"이 문서는 완성차 제조사 BMW의 GS 98000 관련 기술 표준서입니다. 자동 파싱 결과 문서의 주요 구성 및 용도는 부품 시험 절차서로 감지되었습니다. 시스템은 이 규격을 바탕으로 치수 준수 여부, 주기적인 제조 신뢰성 확보, 및 협력사 관리 가이드라인의 핵심 조항들을 자동으로 식별하여 추적하고 있습니다.",2026-05-27T17:16:01.255723
28,BMW_GS 98003 FMEA FAILURE MODES AND EFFECTS ANALYSIS .pdf,BMW,GS 98003,GS 98003:2023- 08 (자동 추출),N/A,부품 시험 절차서 (Test Procedure),"이 문서는 완성차 제조사 BMW의 GS 98003 관련 기술 표준서입니다. 자동 파싱 결과 문서의 주요 구성 및 용도는 부품 시험 절차서로 감지되었습니다. 시스템은 이 규격을 바탕으로 치수 준수 여부, 주기적인 제조 신뢰성 확보, 및 협력사 관리 가이드라인의 핵심 조항들을 자동으로 식별하여 추적하고 있습니다.",2026-05-27T17:15:13.303207
52,BMW_PR 11737867 TYRE .pdf,BMW,PR 11737867,Requirements Specification (자동 추출),2011-04,부품 시험 절차서 (Test Procedure),"이 문서는 완성차 제조사 BMW의 PR 11737867 관련 기술 표준서입니다. 자동 파싱 결과 문서의 주요 구성 및 용도는 부품 시험 절차서로 감지되었습니다. 시스템은 이 규격을 바탕으로 치수 준수 여부, 주기적인 제조 신뢰성 확보, 및 협력사 관리 가이드라인의 핵심 조항들을 자동으로 식별하여 추적하고 있습니다.",2026-05-27T17:15:36.778625
27,BMW_QV 11738891 TYRES (COOPERATION PROJECT) .pdf,BMW,QV 11738891,BMW QV 11738891 TYRES (COOPERATION PROJECT),2022-08-22,부품 시험 절차서 (Test Procedure),"이 문서는 완성차 제조사 BMW의 QV 11738891 관련 기술 표준서입니다. 자동 파싱 결과 문서의 주요 구성 및 용도는 부품 시험 절차서로 감지되었습니다. 시스템은 이 규격을 바탕으로 치수 준수 여부, 주기적인 제조 신뢰성 확보, 및 협력사 관리 가이드라인의 핵심 조항들을 자동으로 식별하여 추적하고 있습니다.",2026-05-27T17:15:12.292408
45,BMW_QV 11738892_000_04 Reifen.pdf,BMW,QV 11738892,BMW QV 11738892 000 04 Reifen,N/A,부품 시험 절차서 (Test Procedure),"이 문서는 완성차 제조사 BMW의 QV 11738892 관련 기술 표준서입니다. 자동 파싱 결과 문서의 주요 구성 및 용도는 부품 시험 절차서로 감지되었습니다. 시스템은 이 규격을 바탕으로 치수 준수 여부, 주기적인 제조 신뢰성 확보, 및 협력사 관리 가이드라인의 핵심 조항들을 자동으로 식별하여 추적하고 있습니다.",2026-05-27T17:15:25.099511
11,Daihatsu_DQR-E101-01.pdf,Daihatsu,DQR-E101-01,Daihatsu DQR E101 01,N/A,기타 사양서 (General Specification),"이 문서는 완성차 제조사 Daihatsu의 DQR-E101-01 관련 기술 표준서입니다. 자동 파싱 결과 문서의 주요 구성 및 용도는 일반 기술 표준로 감지되었습니다. 시스템은 이 규격을 바탕으로 치수 준수 여부, 주기적인 제조 신뢰성 확보, 및 협력사 관리 가이드라인의 핵심 조항들을 자동으로 식별하여 추적하고 있습니다.",2026-05-27T17:15:07.015452
60,Daihatsu_DQR-E202-02.pdf,Daihatsu,DQR-E202-02,Daihatsu DQR E202 02,N/A,기타 사양서 (General Specification),"이 문서는 완성차 제조사 Daihatsu의 DQR-E202-02 관련 기술 표준서입니다. 자동 파싱 결과 문서의 주요 구성 및 용도는 일반 기술 표준로 감지되었습니다. 시스템은 이 규격을 바탕으로 치수 준수 여부, 주기적인 제조 신뢰성 확보, 및 협력사 관리 가이드라인의 핵심 조항들을 자동으로 식별하여 추적하고 있습니다.",2026-05-27T17:15:39.991948
140,Daihatsu_DTRA1230_자동차 기술 표준.pdf,Daihatsu,DTRA1230,Daihatsu DTRA1230 자동차 기술 표준,N/A,기타 사양서 (General Specification),"이 문서는 완성차 제조사 Daihatsu의 DTRA1230 관련 기술 표준서입니다. 자동 파싱 결과 문서의 주요 구성 및 용도는 일반 기술 표준로 감지되었습니다. 시스템은 이 규격을 바탕으로 치수 준수 여부, 주기적인 제조 신뢰성 확보, 및 협력사 관리 가이드라인의 핵심 조항들을 자동으로 식별하여 추적하고 있습니다.",2026-05-27T17:16:18.830903
152,Daihatsu_DTRD2020 Rev.4.pdf,Daihatsu,DTRD2020,Daihatsu DTRD2020 Rev.4,N/A,기타 사양서 (General Specification),"이 문서는 완성차 제조사 Daihatsu의 DTRD2020 관련 기술 표준서입니다. 자동 파싱 결과 문서의 주요 구성 및 용도는 일반 기술 표준로 감지되었습니다. 시스템은 이 규격을 바탕으로 치수 준수 여부, 주기적인 제조 신뢰성 확보, 및 협력사 관리 가이드라인의 핵심 조항들을 자동으로 식별하여 추적하고 있습니다.",2026-05-27T17:16:22.872329
137,Daihatsu_DTRD2090 Rev.4.pdf,Daihatsu,DTRD2090,Daihatsu DTRD2090 Rev.4,N/A,기타 사양서 (General Specification),"이 문서는 완성차 제조사 Daihatsu의 DTRD2090 관련 기술 표준서입니다. 자동 파싱 결과 문서의 주요 구성 및 용도는 일반 기술 표준로 감지되었습니다. 시스템은 이 규격을 바탕으로 치수 준수 여부, 주기적인 제조 신뢰성 확보, 및 협력사 관리 가이드라인의 핵심 조항들을 자동으로 식별하여 추적하고 있습니다.",2026-05-27T17:16:18.516444
42,Daihatsu_DTRD2100 Rev.2.pdf,Daihatsu,DTRD2100,Daihatsu DTRD2100 Rev.2,N/A,기타 사양서 (General Specification),"이 문서는 완성차 제조사 Daihatsu의 DTRD2100 관련 기술 표준서입니다. 자동 파싱 결과 문서의 주요 구성 및 용도는 일반 기술 표준로 감지되었습니다. 시스템은 이 규격을 바탕으로 치수 준수 여부, 주기적인 제조 신뢰성 확보, 및 협력사 관리 가이드라인의 핵심 조항들을 자동으로 식별하여 추적하고 있습니다.",2026-05-27T17:15:24.394891
158,Daihatsu_DTSZ0001G Rev.18.pdf,Daihatsu,DTSZ0001G,Daihatsu DTSZ0001G Rev.18,N/A,기타 사양서 (General Specification),"이 문서는 완성차 제조사 Daihatsu의 DTSZ0001G 관련 기술 표준서입니다. 자동 파싱 결과 문서의 주요 구성 및 용도는 일반 기술 표준로 감지되었습니다. 시스템은 이 규격을 바탕으로 치수 준수 여부, 주기적인 제조 신뢰성 확보, 및 협력사 관리 가이드라인의 핵심 조항들을 자동으로 식별하여 추적하고 있습니다.",2026-05-27T17:16:26.645993
128,Ford-IATF-CSR_June-2025-Release-FINAL.pdf,Ford,Ford IATF-CSR,Ford IATF CSR June 2025 Release FINAL,N/A,부품 시험 절차서 (Test Procedure),"이 문서는 완성차 제조사 Ford의 Ford IATF-CSR 관련 기술 표준서입니다. 자동 파싱 결과 문서의 주요 구성 및 용도는 부품 시험 절차서로 감지되었습니다. 시스템은 이 규격을 바탕으로 치수 준수 여부, 주기적인 제조 신뢰성 확보, 및 협력사 관리 가이드라인의 핵심 조항들을 자동으로 식별하여 추적하고 있습니다.",2026-05-27T17:16:07.833960
15,Ford-Specifics-for-PPAP_Jan-2025-FINAL.pdf,Ford,Ford PPAP Specifics,Ford Specifics for PPAP Jan 2025 FINAL,N/A,부품 시험 절차서 (Test Procedure),"이 문서는 완성차 제조사 Ford의 Ford PPAP Specifics 관련 기술 표준서입니다. 자동 파싱 결과 문서의 주요 구성 및 용도는 부품 시험 절차서로 감지되었습니다. 시스템은 이 규격을 바탕으로 치수 준수 여부, 주기적인 제조 신뢰성 확보, 및 협력사 관리 가이드라인의 핵심 조항들을 자동으로 식별하여 추적하고 있습니다.",2026-05-27T17:15:07.821315
129,Ford_SCCAF Handbook - Ver 4.0 Mar 2023.pdf,Ford,Ford SCCAF Handbook,Ford SCCAF Handbook Ver 4.0 Mar 2023,N/A,부품 시험 절차서 (Test Procedure),"이 문서는 완성차 제조사 Ford의 Ford SCCAF Handbook 관련 기술 표준서입니다. 자동 파싱 결과 문서의 주요 구성 및 용도는 부품 시험 절차서로 감지되었습니다. 시스템은 이 규격을 바탕으로 치수 준수 여부, 주기적인 제조 신뢰성 확보, 및 협력사 관리 가이드라인의 핵심 조항들을 자동으로 식별하여 추적하고 있습니다.",2026-05-27T17:16:08.878647
38,Ford_Tire FS Version 5_Final_Hankook.pdf,Ford,Ford Tire FS V5,Functional Specification – Tire Casing (자동 추출),N/A,부품 시험 절차서 (Test Procedure),"이 문서는 완성차 제조사 Ford의 Ford Tire FS V5 관련 기술 표준서입니다. 자동 파싱 결과 문서의 주요 구성 및 용도는 부품 시험 절차서로 감지되었습니다. 시스템은 이 규격을 바탕으로 치수 준수 여부, 주기적인 제조 신뢰성 확보, 및 협력사 관리 가이드라인의 핵심 조항들을 자동으로 식별하여 추적하고 있습니다.",2026-05-27T17:15:19.568574
4,GM_RPK-GMW14999[1].pdf,GM,1,Chassis GMW14999 (자동 추출),N/A,부품 시험 절차서 (Test Procedure),"이 문서는 완성차 제조사 GM의 1 관련 기술 표준서입니다. 자동 파싱 결과 문서의 주요 구성 및 용도는 부품 시험 절차서로 감지되었습니다. 시스템은 이 규격을 바탕으로 치수 준수 여부, 주기적인 제조 신뢰성 확보, 및 협력사 관리 가이드라인의 핵심 조항들을 자동으로 식별하여 추적하고 있습니다.",2026-05-27T17:15:05.759272
104,GM_1927 Global Supplier Quality Manual 2023 rev 30.pdf,GM,GM 1927,GM 1927 Global Supplier Quality Manual 2023 rev 30,N/A,부품 시험 절차서 (Test Procedure),"이 문서는 완성차 제조사 GM의 GM 1927 관련 기술 표준서입니다. 자동 파싱 결과 문서의 주요 구성 및 용도는 부품 시험 절차서로 감지되었습니다. 시스템은 이 규격을 바탕으로 치수 준수 여부, 주기적인 제조 신뢰성 확보, 및 협력사 관리 가이드라인의 핵심 조항들을 자동으로 식별하여 추적하고 있습니다.",2026-05-27T17:15:54.576528
53,GM_IATF-16949-GM-Customer-Specific-Requirements-October-2025.pdf,GM,GM IATF-CSR,GM IATF 16949 GM Customer Specific Requirements October 2025,N/A,부품 시험 절차서 (Test Procedure),"이 문서는 완성차 제조사 GM의 GM IATF-CSR 관련 기술 표준서입니다. 자동 파싱 결과 문서의 주요 구성 및 용도는 부품 시험 절차서로 감지되었습니다. 시스템은 이 규격을 바탕으로 치수 준수 여부, 주기적인 제조 신뢰성 확보, 및 협력사 관리 가이드라인의 핵심 조항들을 자동으로 식별하여 추적하고 있습니다.",2026-05-27T17:15:38.690682
61,GM_Minimum-Automotive-Quality-Management-System-Requirements-for-Sub-tier-suppliers-2ndEd-rev2.pdf,GM,GM MAQMSR,GM Minimum Automotive Quality Management System Requirements for Sub tier suppliers 2ndEd rev2,N/A,부품 시험 절차서 (Test Procedure),"이 문서는 완성차 제조사 GM의 GM MAQMSR 관련 기술 표준서입니다. 자동 파싱 결과 문서의 주요 구성 및 용도는 부품 시험 절차서로 감지되었습니다. 시스템은 이 규격을 바탕으로 치수 준수 여부, 주기적인 제조 신뢰성 확보, 및 협력사 관리 가이드라인의 핵심 조항들을 자동으로 식별하여 추적하고 있습니다.",2026-05-27T17:15:40.024212
18,GM_OEM-Quick-Reference-Guide_28Nov2017.pdf,GM,GM OEM Quick Guide,GM OEM Quick Reference Guide 28Nov2017,N/A,기타 사양서 (General Specification),"이 문서는 완성차 제조사 GM의 GM OEM Quick Guide 관련 기술 표준서입니다. 자동 파싱 결과 문서의 주요 구성 및 용도는 일반 기술 표준로 감지되었습니다. 시스템은 이 규격을 바탕으로 치수 준수 여부, 주기적인 제조 신뢰성 확보, 및 협력사 관리 가이드라인의 핵심 조항들을 자동으로 식별하여 추적하고 있습니다.",2026-05-27T17:15:08.792819
123,GM_Tire_Treadwear-GMW14913.pdf,GM,GMW 14913,January 2008 Originating Department: GME Specification Center Page 1 of 56 (자동 추출),N/A,부품 시험 절차서 (Test Procedure),"이 문서는 완성차 제조사 GM의 GMW 14913 관련 기술 표준서입니다. 자동 파싱 결과 문서의 주요 구성 및 용도는 부품 시험 절차서로 감지되었습니다. 시스템은 이 규격을 바탕으로 치수 준수 여부, 주기적인 제조 신뢰성 확보, 및 협력사 관리 가이드라인의 핵심 조항들을 자동으로 식별하여 추적하고 있습니다.",2026-05-27T17:16:06.038290
112,GM_GMW 14996_2006_tire rolling resistance test.pdf,GM,GMW 14996,GM GMW 14996 2006 tire rolling resistance test,N/A,부품 시험 절차서 (Test Procedure),"이 문서는 완성차 제조사 GM의 GMW 14996 관련 기술 표준서입니다. 자동 파싱 결과 문서의 주요 구성 및 용도는 부품 시험 절차서로 감지되었습니다. 시스템은 이 규격을 바탕으로 치수 준수 여부, 주기적인 제조 신뢰성 확보, 및 협력사 관리 가이드라인의 핵심 조항들을 자동으로 식별하여 추적하고 있습니다.",2026-05-27T17:16:00.384553
159,GM_GMW 15204_2007_tire steady-state force and moment.pdf,GM,GMW 15204,GM GMW 15204 2007 tire steady state force and moment,N/A,기타 사양서 (General Specification),"이 문서는 완성차 제조사 GM의 GMW 15204 관련 기술 표준서입니다. 자동 파싱 결과 문서의 주요 구성 및 용도는 일반 기술 표준로 감지되었습니다. 시스템은 이 규격을 바탕으로 치수 준수 여부, 주기적인 제조 신뢰성 확보, 및 협력사 관리 가이드라인의 핵심 조항들을 자동으로 식별하여 추적하고 있습니다.",2026-05-27T17:16:26.676360
121,GM_GMW 15206_2007_tire residual aligning torque.pdf,GM,GMW 15206,GM GMW 15206 2007 tire residual aligning torque,N/A,기타 사양서 (General Specification),"이 문서는 완성차 제조사 GM의 GMW 15206 관련 기술 표준서입니다. 자동 파싱 결과 문서의 주요 구성 및 용도는 일반 기술 표준로 감지되었습니다. 시스템은 이 규격을 바탕으로 치수 준수 여부, 주기적인 제조 신뢰성 확보, 및 협력사 관리 가이드라인의 핵심 조항들을 자동으로 식별하여 추적하고 있습니다.",2026-05-27T17:16:04.224605
7,GM_GMW14235 - Oct2006_Tire-Airborne Noise Source.pdf,GM,GMW14235,Noise and Vibration GMW14235 (자동 추출),N/A,부품 시험 절차서 (Test Procedure),"이 문서는 완성차 제조사 GM의 GMW14235 관련 기술 표준서입니다. 자동 파싱 결과 문서의 주요 구성 및 용도는 부품 시험 절차서로 감지되었습니다. 시스템은 이 규격을 바탕으로 치수 준수 여부, 주기적인 제조 신뢰성 확보, 및 협력사 관리 가이드라인의 핵심 조항들을 자동으로 식별하여 추적하고 있습니다.",2026-05-27T17:15:06.338624
142,GM_GMW14239 - Radiated Tire Noise Source Level Evaluation Procedure.pdf,GM,GMW14239,Noise and Vibration GMW14239 (자동 추출),N/A,부품 시험 절차서 (Test Procedure),"이 문서는 완성차 제조사 GM의 GMW14239 관련 기술 표준서입니다. 자동 파싱 결과 문서의 주요 구성 및 용도는 부품 시험 절차서로 감지되었습니다. 시스템은 이 규격을 바탕으로 치수 준수 여부, 주기적인 제조 신뢰성 확보, 및 협력사 관리 가이드라인의 핵심 조항들을 자동으로 식별하여 추적하고 있습니다.",2026-05-27T17:16:19.721571
156,GM_Subjective_Rating_Scale-GMW14264.pdf,GM,GMW14264,Miscellaneous GMW14264 (자동 추출),N/A,부품 시험 절차서 (Test Procedure),"이 문서는 완성차 제조사 GM의 GMW14264 관련 기술 표준서입니다. 자동 파싱 결과 문서의 주요 구성 및 용도는 부품 시험 절차서로 감지되었습니다. 시스템은 이 규격을 바탕으로 치수 준수 여부, 주기적인 제조 신뢰성 확보, 및 협력사 관리 가이드라인의 핵심 조항들을 자동으로 식별하여 추적하고 있습니다.",2026-05-27T17:16:24.229631
5,GM_GMW14469 Oct2006 - Tire Coast Down Noise Evaluation Procedure.pdf,GM,GMW14469,Noise & Vibration GMW14469 (자동 추출),N/A,부품 시험 절차서 (Test Procedure),"이 문서는 완성차 제조사 GM의 GMW14469 관련 기술 표준서입니다. 자동 파싱 결과 문서의 주요 구성 및 용도는 부품 시험 절차서로 감지되었습니다. 시스템은 이 규격을 바탕으로 치수 준수 여부, 주기적인 제조 신뢰성 확보, 및 협력사 관리 가이드라인의 핵심 조항들을 자동으로 식별하여 추적하고 있습니다.",2026-05-27T17:15:05.973641
78,GM_GMW14876_Oct2008.pdf,GM,GMW14876,Noise and Vibration GMW14876 (자동 추출),N/A,부품 시험 절차서 (Test Procedure),"이 문서는 완성차 제조사 GM의 GMW14876 관련 기술 표준서입니다. 자동 파싱 결과 문서의 주요 구성 및 용도는 부품 시험 절차서로 감지되었습니다. 시스템은 이 규격을 바탕으로 치수 준수 여부, 주기적인 제조 신뢰성 확보, 및 협력사 관리 가이드라인의 핵심 조항들을 자동으로 식별하여 추적하고 있습니다.",2026-05-27T17:15:45.835916
57,GM_GMW14997_20300246.doc,GM,GMW14997,"1 ScopeThe dimensions of a tire, including static spring rate and static loaded radius, are functions of tire construction, compound, and design. These properties may be found at various application conditions and influence tire/vehicle clearances, bumper heights and vehicle ride. The quantification of these properties is very important to both vehicle design and tire selection since these properties will indicate a tire's response to certain inputs on the road surface and are therefore required in meeting the demands of tire development process, vehicle simulation and integration of chassis systems.Note: Nothing in the specification supersedes applicable laws and regulations unless specific exemption has been obtained.Note: In the event of conflict between the English and domestic language, the English language shall take precedence.1.1 Purpose. This document describes the test equipment requirements and test methodology for measuring static dimensions of a given tire to support the corporate vehicle simulation models and the tire validation process.1.2 Forward. Dimension parameters covered by this procedure include section width (SW), outer diameter (OD), loaded section width (LSW), static loaded radius (SLR) and static spring rate (SSR).1.3 Applicability. Passenger car, compact spare, and light truck tires.2 ReferencesNote: Only the latest approved standards are applicable unless otherwise specified.2.1 External Standards/Specifications.SAE J670E (자동 추출)",N/A,부품 시험 절차서 (Test Procedure),"이 문서는 완성차 제조사 GM의 GMW14997 관련 기술 표준서입니다. 자동 파싱 결과 문서의 주요 구성 및 용도는 부품 시험 절차서로 감지되었습니다. 시스템은 이 규격을 바탕으로 치수 준수 여부, 주기적인 제조 신뢰성 확보, 및 협력사 관리 가이드라인의 핵심 조항들을 자동으로 식별하여 추적하고 있습니다.",2026-05-27T17:15:39.782770
94,GM_mass GMW-14998.pdf,GM,GMW14998,Test Procedure GMW14998 (자동 추출),N/A,부품 시험 절차서 (Test Procedure),"이 문서는 완성차 제조사 GM의 GMW14998 관련 기술 표준서입니다. 자동 파싱 결과 문서의 주요 구성 및 용도는 부품 시험 절차서로 감지되었습니다. 시스템은 이 규격을 바탕으로 치수 준수 여부, 주기적인 제조 신뢰성 확보, 및 협력사 관리 가이드라인의 핵심 조항들을 자동으로 식별하여 추적하고 있습니다.",2026-05-27T17:15:50.501612
6,GM_GMW15000_Air Permeation (1).pdf,GM,GMW15000,Test Procedure GMW15000 (자동 추출),2015-12-02,부품 시험 절차서 (Test Procedure),"이 문서는 완성차 제조사 GM의 GMW15000 관련 기술 표준서입니다. 자동 파싱 결과 문서의 주요 구성 및 용도는 부품 시험 절차서로 감지되었습니다. 시스템은 이 규격을 바탕으로 치수 준수 여부, 주기적인 제조 신뢰성 확보, 및 협력사 관리 가이드라인의 핵심 조항들을 자동으로 식별하여 추적하고 있습니다.",2026-05-27T17:15:06.053419
131,GM_ATE-GMW15001.pdf,GM,GMW15001,Chassis GMW15001 (자동 추출),N/A,부품 시험 절차서 (Test Procedure),"이 문서는 완성차 제조사 GM의 GMW15001 관련 기술 표준서입니다. 자동 파싱 결과 문서의 주요 구성 및 용도는 부품 시험 절차서로 감지되었습니다. 시스템은 이 규격을 바탕으로 치수 준수 여부, 주기적인 제조 신뢰성 확보, 및 협력사 관리 가이드라인의 핵심 조항들을 자동으로 식별하여 추적하고 있습니다.",2026-05-27T17:16:11.918149
17,GM_GMW15002 - Tire Ridging - Reaction to Longitudinal Road Ridges.pdf,GM,GMW15002,Test Procedure GMW15002 (자동 추출),N/A,부품 시험 절차서 (Test Procedure),"이 문서는 완성차 제조사 GM의 GMW15002 관련 기술 표준서입니다. 자동 파싱 결과 문서의 주요 구성 및 용도는 부품 시험 절차서로 감지되었습니다. 시스템은 이 규격을 바탕으로 치수 준수 여부, 주기적인 제조 신뢰성 확보, 및 협력사 관리 가이드라인의 핵심 조항들을 자동으로 식별하여 추적하고 있습니다.",2026-05-27T17:15:08.621170
106,GM_GMW15120Dec2006-High Speed Uniformity.pdf,GM,GMW15120,Chassis GMW15120 (자동 추출),N/A,부품 시험 절차서 (Test Procedure),"이 문서는 완성차 제조사 GM의 GMW15120 관련 기술 표준서입니다. 자동 파싱 결과 문서의 주요 구성 및 용도는 부품 시험 절차서로 감지되었습니다. 시스템은 이 규격을 바탕으로 치수 준수 여부, 주기적인 제조 신뢰성 확보, 및 협력사 관리 가이드라인의 핵심 조항들을 자동으로 식별하여 추적하고 있습니다.",2026-05-27T17:15:59.123262
72,GM_GMW15208_20300246_Braking Traction.doc,GM,GMW15208,Braking Traction Performance Test (타이어 제동 견인 성능 시험 절차서),2006-07-03,엔지니어링 부품 시험 절차서 (Test Procedure),"제너럴 모터스(General Motors)의 타이어 제동 견인 성능 측정 표준 절차서입니다. 견인 차량 및 정밀 계측 차축이 장착된 2륜 테스트 트레일러 장비를 이용해 타이어 제동 시 노면과 타이어 사이의 종방향 힘(Fore-Aft Force)과 수직 힘(Vertical Force)을 정밀하게 검증하여 타이어의 미끄러짐 마찰 및 제동 성능을 정의하는 절차, 장비 요건, 표준 대조 타이어 기준을 제시합니다.",2026-05-27T17:15:43.900587
75,GM_GMW15355_Oct2007_Rapid Air loss.pdf,GM,GMW15355,Rapid Air Loss (타이어 급격한 공기 누출 및 비드 유지 평가 시험 규격),2007-10-01,엔지니어링 부품 시험 절차서 (Test Procedure),"GM의 승용차 및 경트럭용 타이어 급격 공기 배출(Rapid Air Loss) 거동 평가 표준 규격입니다. 타이어 주행 중 펑크 또는 충격 등으로 인해 내부 공기가 급격히 유실(예: 수백 밀리초 이내 완출)되는 가혹한 환경을 모사하여, 타이어 비드가 휠 림에서 이탈(Bead Unseating)되지 않고 유지되어 차량 조종 안정성 및 스티어링 제어가 정상적으로 지속되는지 성능 한계를 판단하고 수치 데이터와 비디오로 검증하는 까다로운 시험 방법입니다.",2026-05-27T17:15:45.273336
55,GM_GMW15438Mar2007_Flat Spot.pdf,GM,GMW15438,Chassis GMW15438 (자동 추출),N/A,부품 시험 절차서 (Test Procedure),"이 문서는 완성차 제조사 GM의 GMW15438 관련 기술 표준서입니다. 자동 파싱 결과 문서의 주요 구성 및 용도는 부품 시험 절차서로 감지되었습니다. 시스템은 이 규격을 바탕으로 치수 준수 여부, 주기적인 제조 신뢰성 확보, 및 협력사 관리 가이드라인의 핵심 조항들을 자동으로 식별하여 추적하고 있습니다.",2026-05-27T17:15:39.430507
141,GM_GMW16337 Dynamic F&M Test.pdf,GM,GMW16337,Chassis GMW16337 (자동 추출),N/A,부품 시험 절차서 (Test Procedure),"이 문서는 완성차 제조사 GM의 GMW16337 관련 기술 표준서입니다. 자동 파싱 결과 문서의 주요 구성 및 용도는 부품 시험 절차서로 감지되었습니다. 시스템은 이 규격을 바탕으로 치수 준수 여부, 주기적인 제조 신뢰성 확보, 및 협력사 관리 가이드라인의 핵심 조항들을 자동으로 식별하여 추적하고 있습니다.",2026-05-27T17:16:18.883371
79,GM_GMW16386 Force and Moment Transient Response.pdf,GM,GMW16386,Chassis GMW16386 (자동 추출),N/A,부품 시험 절차서 (Test Procedure),"이 문서는 완성차 제조사 GM의 GMW16386 관련 기술 표준서입니다. 자동 파싱 결과 문서의 주요 구성 및 용도는 부품 시험 절차서로 감지되었습니다. 시스템은 이 규격을 바탕으로 치수 준수 여부, 주기적인 제조 신뢰성 확보, 및 협력사 관리 가이드라인의 핵심 조항들을 자동으로 식별하여 추적하고 있습니다.",2026-05-27T17:15:46.189397
125,GM_GMW16768 - 201311_45 Degree Curb Impact test.pdf,GM,GMW16768,Test Procedure GMW16768 (자동 추출),2016-03-03,부품 시험 절차서 (Test Procedure),"이 문서는 완성차 제조사 GM의 GMW16768 관련 기술 표준서입니다. 자동 파싱 결과 문서의 주요 구성 및 용도는 부품 시험 절차서로 감지되었습니다. 시스템은 이 규격을 바탕으로 치수 준수 여부, 주기적인 제조 신뢰성 확보, 및 협력사 관리 가이드라인의 핵심 조항들을 자동으로 식별하여 추적하고 있습니다.",2026-05-27T17:16:06.549160
43,HKMC_[ES52930-01] 타이어 일반_REV15_211203.pdf,HKMC,ES52930-01,HKMC [ES52930 01] 타이어 일반 REV15 211203,2022-05-23,부품 시험 절차서 (Test Procedure),"이 문서는 완성차 제조사 HKMC의 ES52930-01 관련 기술 표준서입니다. 자동 파싱 결과 문서의 주요 구성 및 용도는 부품 시험 절차서로 감지되었습니다. 시스템은 이 규격을 바탕으로 치수 준수 여부, 주기적인 제조 신뢰성 확보, 및 협력사 관리 가이드라인의 핵심 조항들을 자동으로 식별하여 추적하고 있습니다.",2026-05-27T17:15:24.421087
90,HKMC_[ES52930-01] 타이어 일반_REV15_211203 (표지).pdf,HKMC,ES52930-01,HKMC [ES52930 01] 타이어 일반 REV15 211203 (표지),N/A,기타 사양서 (General Specification),"이 문서는 완성차 제조사 HKMC의 ES52930-01 관련 기술 표준서입니다. 자동 파싱 결과 문서의 주요 구성 및 용도는 일반 기술 표준로 감지되었습니다. 시스템은 이 규격을 바탕으로 치수 준수 여부, 주기적인 제조 신뢰성 확보, 및 협력사 관리 가이드라인의 핵심 조항들을 자동으로 식별하여 추적하고 있습니다.",2026-05-27T17:15:49.551533
23,HKMC_[ES52930-02] ROLLING RESISTANCE 측정방법_REV10_200904 (표지).pdf,HKMC,ES52930-02,HKMC [ES52930 02] ROLLING RESISTANCE 측정방법 REV10 200904 (표지),N/A,부품 시험 절차서 (Test Procedure),"이 문서는 완성차 제조사 HKMC의 ES52930-02 관련 기술 표준서입니다. 자동 파싱 결과 문서의 주요 구성 및 용도는 부품 시험 절차서로 감지되었습니다. 시스템은 이 규격을 바탕으로 치수 준수 여부, 주기적인 제조 신뢰성 확보, 및 협력사 관리 가이드라인의 핵심 조항들을 자동으로 식별하여 추적하고 있습니다.",2026-05-27T17:15:10.148642
105,HKMC_[ES52930-02] ROLLING RESISTANCE 측정방법_REV10_200904.pdf.pdf,HKMC,ES52930-02,(SPEC NO)  ES52930-02 (자동 추출),2022-05-27,부품 시험 절차서 (Test Procedure),"이 문서는 완성차 제조사 HKMC의 ES52930-02 관련 기술 표준서입니다. 자동 파싱 결과 문서의 주요 구성 및 용도는 부품 시험 절차서로 감지되었습니다. 시스템은 이 규격을 바탕으로 치수 준수 여부, 주기적인 제조 신뢰성 확보, 및 협력사 관리 가이드라인의 핵심 조항들을 자동으로 식별하여 추적하고 있습니다.",2026-05-27T17:15:58.982940
65,HKMC_[ES52930-04] 타이어 공기누설 시험법_REV07_200904 (표지).pdf,HKMC,ES52930-04,HKMC [ES52930 04] 타이어 공기누설 시험법 REV07 200904 (표지),N/A,부품 시험 절차서 (Test Procedure),"이 문서는 완성차 제조사 HKMC의 ES52930-04 관련 기술 표준서입니다. 자동 파싱 결과 문서의 주요 구성 및 용도는 부품 시험 절차서로 감지되었습니다. 시스템은 이 규격을 바탕으로 치수 준수 여부, 주기적인 제조 신뢰성 확보, 및 협력사 관리 가이드라인의 핵심 조항들을 자동으로 식별하여 추적하고 있습니다.",2026-05-27T17:15:41.886474
154,HKMC_[ES52930-04] 타이어 공기누설 시험법_REV07_200904.pdf,HKMC,ES52930-04,HKMC [ES52930 04] 타이어 공기누설 시험법 REV07 200904,2022-05-27,부품 시험 절차서 (Test Procedure),"이 문서는 완성차 제조사 HKMC의 ES52930-04 관련 기술 표준서입니다. 자동 파싱 결과 문서의 주요 구성 및 용도는 부품 시험 절차서로 감지되었습니다. 시스템은 이 규격을 바탕으로 치수 준수 여부, 주기적인 제조 신뢰성 확보, 및 협력사 관리 가이드라인의 핵심 조항들을 자동으로 식별하여 추적하고 있습니다.",2026-05-27T17:16:22.925519
33,HKMC_[ES52931-02] 타이어 플랫스팟_REV12_20231124 (표지).pdf,HKMC,ES52931-02,HKMC [ES52931 02] 타이어 플랫스팟 REV12 20231124 (표지),N/A,기타 사양서 (General Specification),"이 문서는 완성차 제조사 HKMC의 ES52931-02 관련 기술 표준서입니다. 자동 파싱 결과 문서의 주요 구성 및 용도는 일반 기술 표준로 감지되었습니다. 시스템은 이 규격을 바탕으로 치수 준수 여부, 주기적인 제조 신뢰성 확보, 및 협력사 관리 가이드라인의 핵심 조항들을 자동으로 식별하여 추적하고 있습니다.",2026-05-27T17:15:17.331355
103,HKMC_[ES52931-02] 타이어 플랫스팟_REV12_20231124.pdf,HKMC,ES52931-02,HKMC [ES52931 02] 타이어 플랫스팟 REV12 20231124,2024-01-09,부품 시험 절차서 (Test Procedure),"이 문서는 완성차 제조사 HKMC의 ES52931-02 관련 기술 표준서입니다. 자동 파싱 결과 문서의 주요 구성 및 용도는 부품 시험 절차서로 감지되었습니다. 시스템은 이 규격을 바탕으로 치수 준수 여부, 주기적인 제조 신뢰성 확보, 및 협력사 관리 가이드라인의 핵심 조항들을 자동으로 식별하여 추적하고 있습니다.",2026-05-27T17:15:54.433673
34,HKMC_[ES52931-03] 타이어 전기저항_REV10_200904 (표지).pdf,HKMC,ES52931-03,HKMC [ES52931 03] 타이어 전기저항 REV10 200904 (표지),N/A,기타 사양서 (General Specification),"이 문서는 완성차 제조사 HKMC의 ES52931-03 관련 기술 표준서입니다. 자동 파싱 결과 문서의 주요 구성 및 용도는 일반 기술 표준로 감지되었습니다. 시스템은 이 규격을 바탕으로 치수 준수 여부, 주기적인 제조 신뢰성 확보, 및 협력사 관리 가이드라인의 핵심 조항들을 자동으로 식별하여 추적하고 있습니다.",2026-05-27T17:15:17.962333
70,HKMC_[ES52931-03] 타이어 전기저항_REV10_200904.pdf,HKMC,ES52931-03,"타이어 전기저항 규격 (Tire Electrical Resistance Specification, Rev 10)",2009-04,현대ㆍ기아자동차 엔지니어링 표준 (Engineering Standard),"현대ㆍ기아자동차의 대표적인 엔지니어링 표준(ES)으로 완제품 타이어의 전기 저항 측정 방법 및 판정 한계치를 규정한 한글 문서입니다. 주행 중 발생하는 정전기를 차량 하부 및 노면으로 원활히 소산(Grounding)시켜 차량 오디오 무선 잡음 방지, 승객 하차 시 정전기 불쾌감 방지 및 유류 주입 시 스파크 폭발 방지를 보증하기 위한 설계 가이드라인입니다. 시험 시 전압 조건, 타이어 장착 조건 및 저항 한계치(최대 10^8 옴, 100MΩ)를 주요 지표로 제시합니다.",2026-05-27T17:15:43.690530
19,HKMC_[ES52931-04] 타이어 임팩트 벌지 시험_REV06_200915 (표지).pdf,HKMC,ES52931-04,HKMC [ES52931 04] 타이어 임팩트 벌지 시험 REV06 200915 (표지),N/A,부품 시험 절차서 (Test Procedure),"이 문서는 완성차 제조사 HKMC의 ES52931-04 관련 기술 표준서입니다. 자동 파싱 결과 문서의 주요 구성 및 용도는 부품 시험 절차서로 감지되었습니다. 시스템은 이 규격을 바탕으로 치수 준수 여부, 주기적인 제조 신뢰성 확보, 및 협력사 관리 가이드라인의 핵심 조항들을 자동으로 식별하여 추적하고 있습니다.",2026-05-27T17:15:08.832787
50,HKMC_[ES52931-04] 타이어 임팩트 벌지 시험_REV06_200915.pdf,HKMC,ES52931-04,1.1 이 규격은 조악 도로에서 노면 충격에 의해 발생 할 수 있는 타이어 임팩트 벌지 (자동 추출),2022-06-07,부품 시험 절차서 (Test Procedure),"이 문서는 완성차 제조사 HKMC의 ES52931-04 관련 기술 표준서입니다. 자동 파싱 결과 문서의 주요 구성 및 용도는 부품 시험 절차서로 감지되었습니다. 시스템은 이 규격을 바탕으로 치수 준수 여부, 주기적인 제조 신뢰성 확보, 및 협력사 관리 가이드라인의 핵심 조항들을 자동으로 식별하여 추적하고 있습니다.",2026-05-27T17:15:35.769087
26,HKMC_[ES52931-05] 타이어 실차 마모 평가_REV10_220607 (표지).pdf,HKMC,ES52931-05,HKMC [ES52931 05] 타이어 실차 마모 평가 REV10 220607 (표지),N/A,부품 시험 절차서 (Test Procedure),"이 문서는 완성차 제조사 HKMC의 ES52931-05 관련 기술 표준서입니다. 자동 파싱 결과 문서의 주요 구성 및 용도는 부품 시험 절차서로 감지되었습니다. 시스템은 이 규격을 바탕으로 치수 준수 여부, 주기적인 제조 신뢰성 확보, 및 협력사 관리 가이드라인의 핵심 조항들을 자동으로 식별하여 추적하고 있습니다.",2026-05-27T17:15:11.668052
162,HKMC_[ES52931-05] 타이어 실차 마모 평가_REV10_220607.pdf,HKMC,ES52931-05,(SPEC No) ES52931-05 (자동 추출),2022-06-07,부품 시험 절차서 (Test Procedure),"이 문서는 완성차 제조사 HKMC의 ES52931-05 관련 기술 표준서입니다. 자동 파싱 결과 문서의 주요 구성 및 용도는 부품 시험 절차서로 감지되었습니다. 시스템은 이 규격을 바탕으로 치수 준수 여부, 주기적인 제조 신뢰성 확보, 및 협력사 관리 가이드라인의 핵심 조항들을 자동으로 식별하여 추적하고 있습니다.",2026-05-27T17:16:27.489002
161,HKMC_[ES52931-06] 타이어 PINCH CUT 시험법_REV08_221226 (표지).pdf,HKMC,ES52931-06,HKMC [ES52931 06] 타이어 PINCH CUT 시험법 REV08 221226 (표지),N/A,부품 시험 절차서 (Test Procedure),"이 문서는 완성차 제조사 HKMC의 ES52931-06 관련 기술 표준서입니다. 자동 파싱 결과 문서의 주요 구성 및 용도는 부품 시험 절차서로 감지되었습니다. 시스템은 이 규격을 바탕으로 치수 준수 여부, 주기적인 제조 신뢰성 확보, 및 협력사 관리 가이드라인의 핵심 조항들을 자동으로 식별하여 추적하고 있습니다.",2026-05-27T17:16:26.837190
164,HKMC_[ES52931-06] 타이어 PINCH CUT 시험법_REV08_221226.pdf,HKMC,ES52931-06,(SPEC No) ES52931-06 (자동 추출),2024-02-14,부품 시험 절차서 (Test Procedure),"이 문서는 완성차 제조사 HKMC의 ES52931-06 관련 기술 표준서입니다. 자동 파싱 결과 문서의 주요 구성 및 용도는 부품 시험 절차서로 감지되었습니다. 시스템은 이 규격을 바탕으로 치수 준수 여부, 주기적인 제조 신뢰성 확보, 및 협력사 관리 가이드라인의 핵심 조항들을 자동으로 식별하여 추적하고 있습니다.",2026-05-27T17:16:28.942385
13,HKMC_[ES52931-07] 휠&타이어 NVH 평가_REV05_231113 (표지).pdf,HKMC,ES52931-07,HKMC [ES52931 07] 휠&타이어 NVH 평가 REV05 231113 (표지),N/A,부품 시험 절차서 (Test Procedure),"이 문서는 완성차 제조사 HKMC의 ES52931-07 관련 기술 표준서입니다. 자동 파싱 결과 문서의 주요 구성 및 용도는 부품 시험 절차서로 감지되었습니다. 시스템은 이 규격을 바탕으로 치수 준수 여부, 주기적인 제조 신뢰성 확보, 및 협력사 관리 가이드라인의 핵심 조항들을 자동으로 식별하여 추적하고 있습니다.",2026-05-27T17:15:07.241463
44,HKMC_[ES52931-07] 휠&타이어 NVH 평가_REV05_231113.pdf,HKMC,ES52931-07,본 기술 표준은 휠&타이어 ASSY 및 휠의 단품 NVH 성능 시험 방법을 규정한다 (자동 추출),2024-02-14,부품 시험 절차서 (Test Procedure),"이 문서는 완성차 제조사 HKMC의 ES52931-07 관련 기술 표준서입니다. 자동 파싱 결과 문서의 주요 구성 및 용도는 부품 시험 절차서로 감지되었습니다. 시스템은 이 규격을 바탕으로 치수 준수 여부, 주기적인 제조 신뢰성 확보, 및 협력사 관리 가이드라인의 핵심 조항들을 자동으로 식별하여 추적하고 있습니다.",2026-05-27T17:15:24.777658
25,HKMC_[ES52931-08] 흡음타이어_REV03_200904 (표지).pdf,HKMC,ES52931-08,HKMC [ES52931 08] 흡음타이어 REV03 200904 (표지),N/A,기타 사양서 (General Specification),"이 문서는 완성차 제조사 HKMC의 ES52931-08 관련 기술 표준서입니다. 자동 파싱 결과 문서의 주요 구성 및 용도는 일반 기술 표준로 감지되었습니다. 시스템은 이 규격을 바탕으로 치수 준수 여부, 주기적인 제조 신뢰성 확보, 및 협력사 관리 가이드라인의 핵심 조항들을 자동으로 식별하여 추적하고 있습니다.",2026-05-27T17:15:11.236415
149,HKMC_[ES52931-08] 흡음타이어_REV03_200904.pdf,HKMC,ES52931-08,(SPEC No) ES52931-08 (자동 추출),2022-05-27,부품 시험 절차서 (Test Procedure),"이 문서는 완성차 제조사 HKMC의 ES52931-08 관련 기술 표준서입니다. 자동 파싱 결과 문서의 주요 구성 및 용도는 부품 시험 절차서로 감지되었습니다. 시스템은 이 규격을 바탕으로 치수 준수 여부, 주기적인 제조 신뢰성 확보, 및 협력사 관리 가이드라인의 핵심 조항들을 자동으로 식별하여 추적하고 있습니다.",2026-05-27T17:16:21.145592
133,HKMC_[ES86400-00] 부품 로트추적을 위한 2D 바코드 규격_REV02_200610.pdf,HKMC,ES86400-00,"H/KMC 로트추적 대상부품 추적정보에 관한 데이터 표기, 전송방법, 전송형식(종류) 및 바코드 (자동 추출)",2022-06-07,기타 사양서 (General Specification),"이 문서는 완성차 제조사 HKMC의 ES86400-00 관련 기술 표준서입니다. 자동 파싱 결과 문서의 주요 구성 및 용도는 일반 기술 표준로 감지되었습니다. 시스템은 이 규격을 바탕으로 치수 준수 여부, 주기적인 제조 신뢰성 확보, 및 협력사 관리 가이드라인의 핵심 조항들을 자동으로 식별하여 추적하고 있습니다.",2026-05-27T17:16:12.921384
165,HKMC_[ES86400-00] 부품 로트추적을 위한 2D 바코드 규격_REV02_200610 (표지).pdf,HKMC,ES86400-00,HKMC [ES86400 00] 부품 로트추적을 위한 2D 바코드 규격 REV02 200610 (표지),N/A,기타 사양서 (General Specification),"이 문서는 완성차 제조사 HKMC의 ES86400-00 관련 기술 표준서입니다. 자동 파싱 결과 문서의 주요 구성 및 용도는 일반 기술 표준로 감지되었습니다. 시스템은 이 규격을 바탕으로 치수 준수 여부, 주기적인 제조 신뢰성 확보, 및 협력사 관리 가이드라인의 핵심 조항들을 자동으로 식별하여 추적하고 있습니다.",2026-05-27T17:16:29.219921
107,HKMC_[MS201-01] 부품 재질표기 방법_REV08_170830.pdf,HKMC,MS201-01,이 규격은 자동차 부품의 재질표기에 대해서 규정한다. 이 규격의 적용 목적은 자동차의 (자동 추출),2022-06-07,품질 관리 사양 (Quality Assurance Standard),"이 문서는 완성차 제조사 HKMC의 MS201-01 관련 기술 표준서입니다. 자동 파싱 결과 문서의 주요 구성 및 용도는 품질 관리 사양로 감지되었습니다. 시스템은 이 규격을 바탕으로 치수 준수 여부, 주기적인 제조 신뢰성 확보, 및 협력사 관리 가이드라인의 핵심 조항들을 자동으로 식별하여 추적하고 있습니다.",2026-05-27T17:15:59.281013
132,HKMC_[MS201-01] 부품 재질표기 방법_REV08_170830 (표지).pdf,HKMC,MS201-01,HKMC [MS201 01] 부품 재질표기 방법 REV08 170830 (표지),N/A,기타 사양서 (General Specification),"이 문서는 완성차 제조사 HKMC의 MS201-01 관련 기술 표준서입니다. 자동 파싱 결과 문서의 주요 구성 및 용도는 일반 기술 표준로 감지되었습니다. 시스템은 이 규격을 바탕으로 치수 준수 여부, 주기적인 제조 신뢰성 확보, 및 협력사 관리 가이드라인의 핵심 조항들을 자동으로 식별하여 추적하고 있습니다.",2026-05-27T17:16:12.152637
134,HKMC_[MS201-02] 유해물질 금지 및 신고 - 부품 및 재료_REV46_231031 (표지).pdf,HKMC,MS201-02,HKMC [MS201 02] 유해물질 금지 및 신고 부품 및 재료 REV46 231031 (표지),N/A,기타 사양서 (General Specification),"이 문서는 완성차 제조사 HKMC의 MS201-02 관련 기술 표준서입니다. 자동 파싱 결과 문서의 주요 구성 및 용도는 일반 기술 표준로 감지되었습니다. 시스템은 이 규격을 바탕으로 치수 준수 여부, 주기적인 제조 신뢰성 확보, 및 협력사 관리 가이드라인의 핵심 조항들을 자동으로 식별하여 추적하고 있습니다.",2026-05-27T17:16:13.125652
145,HKMC_[MS201-02] 유해물질 금지 및 신고 - 부품 및 재료_REV46_231031.pdf,HKMC,MS201-02,이 규격은 현대자동차ㆍ기아가 생산 또는 판매하는 전 차종에 적용되는 모든 부품 및 재료 (자동 추출),2024-02-14,기타 사양서 (General Specification),"이 문서는 완성차 제조사 HKMC의 MS201-02 관련 기술 표준서입니다. 자동 파싱 결과 문서의 주요 구성 및 용도는 일반 기술 표준로 감지되었습니다. 시스템은 이 규격을 바탕으로 치수 준수 여부, 주기적인 제조 신뢰성 확보, 및 협력사 관리 가이드라인의 핵심 조항들을 자동으로 식별하여 추적하고 있습니다.",2026-05-27T17:16:20.369924
76,HKMC_[MS268-02] 타이어 - Cap Tread 고무 컴파운드 품질_REV03_170811 (표지).pdf,HKMC,MS268-02,HKMC [MS268 02] 타이어 Cap Tread 고무 컴파운드 품질 REV03 170811 (표지),N/A,품질 관리 사양 (Quality Assurance Standard),"이 문서는 완성차 제조사 HKMC의 MS268-02 관련 기술 표준서입니다. 자동 파싱 결과 문서의 주요 구성 및 용도는 품질 관리 사양로 감지되었습니다. 시스템은 이 규격을 바탕으로 치수 준수 여부, 주기적인 제조 신뢰성 확보, 및 협력사 관리 가이드라인의 핵심 조항들을 자동으로 식별하여 추적하고 있습니다.",2026-05-27T17:15:45.299151
135,HKMC_[MS268-02] 타이어 - Cap Tread 고무 컴파운드 품질_REV03_170811.pdf,HKMC,MS268-02,(SPEC NO)  MS268-02 (자동 추출),2022-05-30,부품 시험 절차서 (Test Procedure),"이 문서는 완성차 제조사 HKMC의 MS268-02 관련 기술 표준서입니다. 자동 파싱 결과 문서의 주요 구성 및 용도는 부품 시험 절차서로 감지되었습니다. 시스템은 이 규격을 바탕으로 치수 준수 여부, 주기적인 제조 신뢰성 확보, 및 협력사 관리 가이드라인의 핵심 조항들을 자동으로 식별하여 추적하고 있습니다.",2026-05-27T17:16:18.290610
130,HKMC_[MS268-03] 타이어 - 내오존성능_REV02_181001 (표지).pdf,HKMC,MS268-03,HKMC [MS268 03] 타이어 내오존성능 REV02 181001 (표지),N/A,기타 사양서 (General Specification),"이 문서는 완성차 제조사 HKMC의 MS268-03 관련 기술 표준서입니다. 자동 파싱 결과 문서의 주요 구성 및 용도는 일반 기술 표준로 감지되었습니다. 시스템은 이 규격을 바탕으로 치수 준수 여부, 주기적인 제조 신뢰성 확보, 및 협력사 관리 가이드라인의 핵심 조항들을 자동으로 식별하여 추적하고 있습니다.",2026-05-27T17:16:11.520559
155,HKMC_[MS268-03] 타이어 - 내오존성능_REV02_181001.pdf,HKMC,MS268-03,(SPEC No)  MS268-03 (자동 추출),2022-05-30,부품 시험 절차서 (Test Procedure),"이 문서는 완성차 제조사 HKMC의 MS268-03 관련 기술 표준서입니다. 자동 파싱 결과 문서의 주요 구성 및 용도는 부품 시험 절차서로 감지되었습니다. 시스템은 이 규격을 바탕으로 치수 준수 여부, 주기적인 제조 신뢰성 확보, 및 협력사 관리 가이드라인의 핵심 조항들을 자동으로 식별하여 추적하고 있습니다.",2026-05-27T17:16:24.114077
84,HKMC_[MS268-06] 흡음형 폼 타이어 재료품질_REV02_200602 (표지).pdf,HKMC,MS268-06,HKMC [MS268 06] 흡음형 폼 타이어 재료품질 REV02 200602 (표지),N/A,품질 관리 사양 (Quality Assurance Standard),"이 문서는 완성차 제조사 HKMC의 MS268-06 관련 기술 표준서입니다. 자동 파싱 결과 문서의 주요 구성 및 용도는 품질 관리 사양로 감지되었습니다. 시스템은 이 규격을 바탕으로 치수 준수 여부, 주기적인 제조 신뢰성 확보, 및 협력사 관리 가이드라인의 핵심 조항들을 자동으로 식별하여 추적하고 있습니다.",2026-05-27T17:15:47.887901
143,HKMC_[MS268-06] 흡음형 폼 타이어 재료품질_REV02_200602.pdf,HKMC,MS268-06,이 규격은 흡음형 우레탄 폼 타이어의 재료물성에 대하여 규정한다. (자동 추출),2022-05-30,부품 시험 절차서 (Test Procedure),"이 문서는 완성차 제조사 HKMC의 MS268-06 관련 기술 표준서입니다. 자동 파싱 결과 문서의 주요 구성 및 용도는 부품 시험 절차서로 감지되었습니다. 시스템은 이 규격을 바탕으로 치수 준수 여부, 주기적인 제조 신뢰성 확보, 및 협력사 관리 가이드라인의 핵심 조항들을 자동으로 식별하여 추적하고 있습니다.",2026-05-27T17:16:20.139513
77,HKMC_[MS268-07] 타이어-케이싱 제조 품질_REV02_190828.pdf,HKMC,MS268-07,HKMC [MS268 07] 타이어 케이싱 제조 품질 REV02 190828,N/A,품질 관리 사양 (Quality Assurance Standard),"이 문서는 완성차 제조사 HKMC의 MS268-07 관련 기술 표준서입니다. 자동 파싱 결과 문서의 주요 구성 및 용도는 품질 관리 사양로 감지되었습니다. 시스템은 이 규격을 바탕으로 치수 준수 여부, 주기적인 제조 신뢰성 확보, 및 협력사 관리 가이드라인의 핵심 조항들을 자동으로 식별하여 추적하고 있습니다.",2026-05-27T17:15:45.813293
36,Honda_2.5_Grain and Color Adjustment Procedure.pdf,Honda,Honda Session 2.5,"Confidential Supplier Quality Manual＿Procedure Mar 1st ,2023 (자동 추출)",N/A,부품 시험 절차서 (Test Procedure),"이 문서는 완성차 제조사 Honda의 Honda Session 2.5 관련 기술 표준서입니다. 자동 파싱 결과 문서의 주요 구성 및 용도는 부품 시험 절차서로 감지되었습니다. 시스템은 이 규격을 바탕으로 치수 준수 여부, 주기적인 제조 신뢰성 확보, 및 협력사 관리 가이드라인의 핵심 조항들을 자동으로 식별하여 추적하고 있습니다.",2026-05-27T17:15:19.410582
74,Honda_3.1_Product Assurance Plan for Manufacturing Procedure.pdf,Honda,Honda Session 3.1,"Confidential  Supplier Quality Manual _ Procedure  Mar 1st ,2023 (자동 추출)",N/A,부품 시험 절차서 (Test Procedure),"이 문서는 완성차 제조사 Honda의 Honda Session 3.1 관련 기술 표준서입니다. 자동 파싱 결과 문서의 주요 구성 및 용도는 부품 시험 절차서로 감지되었습니다. 시스템은 이 규격을 바탕으로 치수 준수 여부, 주기적인 제조 신뢰성 확보, 및 협력사 관리 가이드라인의 핵심 조항들을 자동으로 식별하여 추적하고 있습니다.",2026-05-27T17:15:45.004849
85,Honda_3.2_Delivery Packing Procedure.pdf,Honda,Honda Session 3.2,"Confidential Supplier Quality Manual _Procedure  Mar 1st, 2023 (자동 추출)",N/A,부품 시험 절차서 (Test Procedure),"이 문서는 완성차 제조사 Honda의 Honda Session 3.2 관련 기술 표준서입니다. 자동 파싱 결과 문서의 주요 구성 및 용도는 부품 시험 절차서로 감지되었습니다. 시스템은 이 규격을 바탕으로 치수 준수 여부, 주기적인 제조 신뢰성 확보, 및 협력사 관리 가이드라인의 핵심 조항들을 자동으로 식별하여 추적하고 있습니다.",2026-05-27T17:15:48.273739
71,Honda_3.3_Process Quality Control Table Preparation Procedure.pdf,Honda,Honda Session 3.3,"Confidential Supplier Quality Manual _ Procedure  Mar 1st, 2023 (자동 추출)",N/A,부품 시험 절차서 (Test Procedure),"이 문서는 완성차 제조사 Honda의 Honda Session 3.3 관련 기술 표준서입니다. 자동 파싱 결과 문서의 주요 구성 및 용도는 부품 시험 절차서로 감지되었습니다. 시스템은 이 규격을 바탕으로 치수 준수 여부, 주기적인 제조 신뢰성 확보, 및 협력사 관리 가이드라인의 핵심 조항들을 자동으로 식별하여 추적하고 있습니다.",2026-05-27T17:15:43.714228
67,Honda_3.5_POKAYOKE (Error Proofing) Procedure.pdf,Honda,Honda Session 3.5,"Confidential  Supplier Quality Manual _Procedure Mar 1st, 2023 (자동 추출)",N/A,부품 시험 절차서 (Test Procedure),"이 문서는 완성차 제조사 Honda의 Honda Session 3.5 관련 기술 표준서입니다. 자동 파싱 결과 문서의 주요 구성 및 용도는 부품 시험 절차서로 감지되었습니다. 시스템은 이 규격을 바탕으로 치수 준수 여부, 주기적인 제조 신뢰성 확보, 및 협력사 관리 가이드라인의 핵심 조항들을 자동으로 식별하여 추적하고 있습니다.",2026-05-27T17:15:42.528194
86,Honda_3.7_Contaminants Control Procedure.pdf,Honda,Honda Session 3.7,"Confidential Supplier Quality Manual _Procedure Mar 1st, 2023 (자동 추출)",N/A,부품 시험 절차서 (Test Procedure),"이 문서는 완성차 제조사 Honda의 Honda Session 3.7 관련 기술 표준서입니다. 자동 파싱 결과 문서의 주요 구성 및 용도는 부품 시험 절차서로 감지되었습니다. 시스템은 이 규격을 바탕으로 치수 준수 여부, 주기적인 제조 신뢰성 확보, 및 협력사 관리 가이드라인의 핵심 조항들을 자동으로 식별하여 추적하고 있습니다.",2026-05-27T17:15:48.363888
89,Honda_3.7_Inspection and Testing Procedure.pdf,Honda,Honda Session 3.7,"Confidential Supplier Quality Manual _Procedure  Mar 1st, 2023 (자동 추출)",N/A,부품 시험 절차서 (Test Procedure),"이 문서는 완성차 제조사 Honda의 Honda Session 3.7 관련 기술 표준서입니다. 자동 파싱 결과 문서의 주요 구성 및 용도는 부품 시험 절차서로 감지되었습니다. 시스템은 이 규격을 바탕으로 치수 준수 여부, 주기적인 제조 신뢰성 확보, 및 협력사 관리 가이드라인의 핵심 조항들을 자동으로 식별하여 추적하고 있습니다.",2026-05-27T17:15:49.406672
109,Honda_3.7_Process Quality Control Table Preparation Procedure.pdf,Honda,Honda Session 3.7,"Confidential Supplier Quality Manual _ Procedure  Mar 1st, 2023 (자동 추출)",N/A,부품 시험 절차서 (Test Procedure),"이 문서는 완성차 제조사 Honda의 Honda Session 3.7 관련 기술 표준서입니다. 자동 파싱 결과 문서의 주요 구성 및 용도는 부품 시험 절차서로 감지되었습니다. 시스템은 이 규격을 바탕으로 치수 준수 여부, 주기적인 제조 신뢰성 확보, 및 협력사 관리 가이드라인의 핵심 조항들을 자동으로 식별하여 추적하고 있습니다.",2026-05-27T17:16:00.056750
118,Honda_3.8_Preparation of Operation Standard Procedure.pdf,Honda,Honda Session 3.8,"Confidential Supplier Quality Manual _ Procedure Mar 1st, 2023 (자동 추출)",N/A,부품 시험 절차서 (Test Procedure),"이 문서는 완성차 제조사 Honda의 Honda Session 3.8 관련 기술 표준서입니다. 자동 파싱 결과 문서의 주요 구성 및 용도는 부품 시험 절차서로 감지되었습니다. 시스템은 이 규격을 바탕으로 치수 준수 여부, 주기적인 제조 신뢰성 확보, 및 협력사 관리 가이드라인의 핵심 조항들을 자동으로 식별하여 추적하고 있습니다.",2026-05-27T17:16:01.157573
146,Honda_3.9_Management Procedure for Lot-Control-Specified Parts.pdf,Honda,Honda Session 3.9,"Confidential Supplier Quality Manual _ Procedure Mar 1st, 2023 (자동 추출)",N/A,부품 시험 절차서 (Test Procedure),"이 문서는 완성차 제조사 Honda의 Honda Session 3.9 관련 기술 표준서입니다. 자동 파싱 결과 문서의 주요 구성 및 용도는 부품 시험 절차서로 감지되었습니다. 시스템은 이 규격을 바탕으로 치수 준수 여부, 주기적인 제조 신뢰성 확보, 및 협력사 관리 가이드라인의 핵심 조항들을 자동으로 식별하여 추적하고 있습니다.",2026-05-27T17:16:20.791444
3,Honda_4.4_Process Capability Study Procedure.pdf,Honda,Honda Session 4.4,"Confidential Supplier Quality Manual _ Procedure Mar 1st ,2023 (자동 추출)",N/A,부품 시험 절차서 (Test Procedure),"이 문서는 완성차 제조사 Honda의 Honda Session 4.4 관련 기술 표준서입니다. 자동 파싱 결과 문서의 주요 구성 및 용도는 부품 시험 절차서로 감지되었습니다. 시스템은 이 규격을 바탕으로 치수 준수 여부, 주기적인 제조 신뢰성 확보, 및 협력사 관리 가이드라인의 핵심 조항들을 자동으로 식별하여 추적하고 있습니다.",2026-05-27T17:15:05.382460
144,Honda_4.5 List of Definitions of part origin.pdf,Honda,Honda Session 4.5,"Confidential Supplier Quality Manual _ Procedure  Mar 1st, 2023 (자동 추출)",N/A,부품 시험 절차서 (Test Procedure),"이 문서는 완성차 제조사 Honda의 Honda Session 4.5 관련 기술 표준서입니다. 자동 파싱 결과 문서의 주요 구성 및 용도는 부품 시험 절차서로 감지되었습니다. 시스템은 이 규격을 바탕으로 치수 준수 여부, 주기적인 제조 신뢰성 확보, 및 협력사 관리 가이드라인의 핵심 조항들을 자동으로 식별하여 추적하고 있습니다.",2026-05-27T17:16:20.299876
136,Honda_4.6_Transition to Mass Production Procedure.pdf,Honda,Honda Session 4.6,"Confidential Supplier Quality Manual _ Procedure Mar 1st, 2023 (자동 추출)",N/A,부품 시험 절차서 (Test Procedure),"이 문서는 완성차 제조사 Honda의 Honda Session 4.6 관련 기술 표준서입니다. 자동 파싱 결과 문서의 주요 구성 및 용도는 부품 시험 절차서로 감지되었습니다. 시스템은 이 규격을 바탕으로 치수 준수 여부, 주기적인 제조 신뢰성 확보, 및 협력사 관리 가이드라인의 핵심 조항들을 자동으로 식별하여 추적하고 있습니다.",2026-05-27T17:16:18.400755
120,Honda_5.2_Control Chart Procedure.pdf,Honda,Honda Session 5.2,"Confidential Supplier Quality Manual _ Procedure Mar 1st, 2023 (자동 추출)",N/A,부품 시험 절차서 (Test Procedure),"이 문서는 완성차 제조사 Honda의 Honda Session 5.2 관련 기술 표준서입니다. 자동 파싱 결과 문서의 주요 구성 및 용도는 부품 시험 절차서로 감지되었습니다. 시스템은 이 규격을 바탕으로 치수 준수 여부, 주기적인 제조 신뢰성 확보, 및 협력사 관리 가이드라인의 핵심 조항들을 자동으로 식별하여 추적하고 있습니다.",2026-05-27T17:16:03.817940
12,Honda_5.4_Procedures for 5 Principals for Problem Solving.pdf,Honda,Honda Session 5.4,"Confidential Supplier Quality Manual _ Procedure  Mar 1st, 2023 (자동 추출)",N/A,부품 시험 절차서 (Test Procedure),"이 문서는 완성차 제조사 Honda의 Honda Session 5.4 관련 기술 표준서입니다. 자동 파싱 결과 문서의 주요 구성 및 용도는 부품 시험 절차서로 감지되었습니다. 시스템은 이 규격을 바탕으로 치수 준수 여부, 주기적인 제조 신뢰성 확보, 및 협력사 관리 가이드라인의 핵심 조항들을 자동으로 식별하여 추적하고 있습니다.",2026-05-27T17:15:07.075559
124,Honda_5.4_Procedures for treatment of in-process and delivery non-conforming.pdf,Honda,Honda Session 5.4,"Confidential Supplier Quality Manual _ Procedure Mar 1st, 2023 (자동 추출)",N/A,부품 시험 절차서 (Test Procedure),"이 문서는 완성차 제조사 Honda의 Honda Session 5.4 관련 기술 표준서입니다. 자동 파싱 결과 문서의 주요 구성 및 용도는 부품 시험 절차서로 감지되었습니다. 시스템은 이 규격을 바탕으로 치수 준수 여부, 주기적인 제조 신뢰성 확보, 및 협력사 관리 가이드라인의 핵심 조항들을 자동으로 식별하여 추적하고 있습니다.",2026-05-27T17:16:06.340003
138,Honda_5.4_Procedures for treatment of market non-conforming products.pdf,Honda,Honda Session 5.4,"Confidential Supplier Quality Manual _ Procedure Mar 1st, 2023 (자동 추출)",N/A,부품 시험 절차서 (Test Procedure),"이 문서는 완성차 제조사 Honda의 Honda Session 5.4 관련 기술 표준서입니다. 자동 파싱 결과 문서의 주요 구성 및 용도는 부품 시험 절차서로 감지되었습니다. 시스템은 이 규격을 바탕으로 치수 준수 여부, 주기적인 제조 신뢰성 확보, 및 협력사 관리 가이드라인의 핵심 조항들을 자동으로 식별하여 추적하고 있습니다.",2026-05-27T17:16:18.536964
21,Honda_5.5_Chage Point Control Procedure_2024.APR.15.pdf,Honda,Honda Session 5.5,"Confidential Supplier Quality Manual _ Procedure  Apr 15th, 2024 (자동 추출)",N/A,부품 시험 절차서 (Test Procedure),"이 문서는 완성차 제조사 Honda의 Honda Session 5.5 관련 기술 표준서입니다. 자동 파싱 결과 문서의 주요 구성 및 용도는 부품 시험 절차서로 감지되었습니다. 시스템은 이 규격을 바탕으로 치수 준수 여부, 주기적인 제조 신뢰성 확보, 및 협력사 관리 가이드라인의 핵심 조항들을 자동으로 식별하여 추적하고 있습니다.",2026-05-27T17:15:09.828797
1,Honda_5.6_Supplier Quality Audit Procedure.pdf,Honda,Honda Session 5.6,"Confidential Supplier Quality Manual _ Procedure  Mar 1st, 2023 (자동 추출)",N/A,부품 시험 절차서 (Test Procedure),"이 문서는 완성차 제조사 Honda의 Honda Session 5.6 관련 기술 표준서입니다. 자동 파싱 결과 문서의 주요 구성 및 용도는 부품 시험 절차서로 감지되었습니다. 시스템은 이 규격을 바탕으로 치수 준수 여부, 주기적인 제조 신뢰성 확보, 및 협력사 관리 가이드라인의 핵심 조항들을 자동으로 식별하여 추적하고 있습니다.",2026-05-27T17:15:05.161306
10,Honda_5.7_Supplier Quality Performance Evaluation Procedure.pdf,Honda,Honda Session 5.7,"Confidential Supplier Quality Manual Procedure Mar 1st, 2023 (자동 추출)",N/A,부품 시험 절차서 (Test Procedure),"이 문서는 완성차 제조사 Honda의 Honda Session 5.7 관련 기술 표준서입니다. 자동 파싱 결과 문서의 주요 구성 및 용도는 부품 시험 절차서로 감지되었습니다. 시스템은 이 규격을 바탕으로 치수 준수 여부, 주기적인 제조 신뢰성 확보, 및 협력사 관리 가이드라인의 핵심 조항들을 자동으로 식별하여 추적하고 있습니다.",2026-05-27T17:15:06.872476
93,Honda_6.4_Retention Period Chart.pdf,Honda,Honda Session 6.4,"Confidential Supplier Quaity Manual _ Procedure Mar 1st, 2023 (자동 추출)",N/A,부품 시험 절차서 (Test Procedure),"이 문서는 완성차 제조사 Honda의 Honda Session 6.4 관련 기술 표준서입니다. 자동 파싱 결과 문서의 주요 구성 및 용도는 부품 시험 절차서로 감지되었습니다. 시스템은 이 규격을 바탕으로 치수 준수 여부, 주기적인 제조 신뢰성 확보, 및 협력사 관리 가이드라인의 핵심 조항들을 자동으로 식별하여 추적하고 있습니다.",2026-05-27T17:15:50.441497
63,MBG_ALD00000515 MBST 2016-05.EN.pdf,Mercedes,ALD00000515,MBG ALD00000515 MBST 2016 05.EN,N/A,부품 시험 절차서 (Test Procedure),"이 문서는 완성차 제조사 Mercedes의 ALD00000515 관련 기술 표준서입니다. 자동 파싱 결과 문서의 주요 구성 및 용도는 부품 시험 절차서로 감지되었습니다. 시스템은 이 규격을 바탕으로 치수 준수 여부, 주기적인 제조 신뢰성 확보, 및 협력사 관리 가이드라인의 핵심 조항들을 자동으로 식별하여 추적하고 있습니다.",2026-05-27T17:15:40.183572
82,MBG_QV_A0090066199_Qualitätsvorschrift Reifen AMG_ZGS002.pdf,Mercedes,GS002,Quality Specification Tire / Addition AMG (자동 추출),2023-03-09,부품 시험 절차서 (Test Procedure),"이 문서는 완성차 제조사 Mercedes의 GS002 관련 기술 표준서입니다. 자동 파싱 결과 문서의 주요 구성 및 용도는 부품 시험 절차서로 감지되었습니다. 시스템은 이 규격을 바탕으로 치수 준수 여부, 주기적인 제조 신뢰성 확보, 및 협력사 관리 가이드라인의 핵심 조항들을 자동으로 식별하여 추적하고 있습니다.",2026-05-27T17:15:47.665414
47,Mitsubishi_MMKI Supplier Quality Guidebook 3rd Edition.pdf,Mitsubishi,MMKI Guidebook 3rd,Mitsubishi MMKI Supplier Quality Guidebook 3rd Edition,N/A,부품 시험 절차서 (Test Procedure),"이 문서는 완성차 제조사 Mitsubishi의 MMKI Guidebook 3rd 관련 기술 표준서입니다. 자동 파싱 결과 문서의 주요 구성 및 용도는 부품 시험 절차서로 감지되었습니다. 시스템은 이 규격을 바탕으로 치수 준수 여부, 주기적인 제조 신뢰성 확보, 및 협력사 관리 가이드라인의 핵심 조항들을 자동으로 식별하여 추적하고 있습니다.",2026-05-27T17:15:26.119480
73,Perodua_VM4-2000-001 Rev A Vendor Quality Manual.pdf,Perodua,VM4-2000-001,Perodua VM4 2000 001 Rev A Vendor Quality Manual,N/A,부품 시험 절차서 (Test Procedure),"이 문서는 완성차 제조사 Perodua의 VM4-2000-001 관련 기술 표준서입니다. 자동 파싱 결과 문서의 주요 구성 및 용도는 부품 시험 절차서로 감지되었습니다. 시스템은 이 규격을 바탕으로 치수 준수 여부, 주기적인 제조 신뢰성 확보, 및 협력사 관리 가이드라인의 핵심 조항들을 자동으로 식별하여 추적하고 있습니다.",2026-05-27T17:15:43.921539
2,Porsche_F_360_101 Tire-High-Speed Test.pdf,Porsche,F 360 101,Testing Procedure F.360.101 (자동 추출),N/A,부품 시험 절차서 (Test Procedure),"이 문서는 완성차 제조사 Porsche의 F 360 101 관련 기술 표준서입니다. 자동 파싱 결과 문서의 주요 구성 및 용도는 부품 시험 절차서로 감지되었습니다. 시스템은 이 규격을 바탕으로 치수 준수 여부, 주기적인 제조 신뢰성 확보, 및 협력사 관리 가이드라인의 핵심 조항들을 자동으로 식별하여 추적하고 있습니다.",2026-05-27T17:15:05.305159
14,Porsche_F_360_102_Rolling_Resistance.pdf,Porsche,F 360 102,Testing Procedure F.360.102 (자동 추출),N/A,부품 시험 절차서 (Test Procedure),"이 문서는 완성차 제조사 Porsche의 F 360 102 관련 기술 표준서입니다. 자동 파싱 결과 문서의 주요 구성 및 용도는 부품 시험 절차서로 감지되었습니다. 시스템은 이 규격을 바탕으로 치수 준수 여부, 주기적인 제조 신뢰성 확보, 및 협력사 관리 가이드라인의 핵심 조항들을 자동으로 식별하여 추적하고 있습니다.",2026-05-27T17:15:07.765304
113,Porsche_F_360_111_Tire_Safeguarding_RDK_warning_threshold_air_pressure.pdf,Porsche,F 360 111,Testing Procedure F.360.111 (자동 추출),N/A,부품 시험 절차서 (Test Procedure),"이 문서는 완성차 제조사 Porsche의 F 360 111 관련 기술 표준서입니다. 자동 파싱 결과 문서의 주요 구성 및 용도는 부품 시험 절차서로 감지되었습니다. 시스템은 이 규격을 바탕으로 치수 준수 여부, 주기적인 제조 신뢰성 확보, 및 협력사 관리 가이드라인의 핵심 조항들을 자동으로 식별하여 추적하고 있습니다.",2026-05-27T17:16:00.422693
37,Porsche_F_360_301_Tire_Tire_Durability.pdf,Porsche,F 360 301,Testing Procedure F.360.301 (자동 추출),N/A,부품 시험 절차서 (Test Procedure),"이 문서는 완성차 제조사 Porsche의 F 360 301 관련 기술 표준서입니다. 자동 파싱 결과 문서의 주요 구성 및 용도는 부품 시험 절차서로 감지되었습니다. 시스템은 이 규격을 바탕으로 치수 준수 여부, 주기적인 제조 신뢰성 확보, 및 협력사 관리 가이드라인의 핵심 조항들을 자동으로 식별하여 추적하고 있습니다.",2026-05-27T17:15:19.504536
102,Porsche_F_360_305_Tire_Braking_Dry_2017.pdf,Porsche,F 360 305,Testing Procedure F.360.305 (자동 추출),N/A,부품 시험 절차서 (Test Procedure),"이 문서는 완성차 제조사 Porsche의 F 360 305 관련 기술 표준서입니다. 자동 파싱 결과 문서의 주요 구성 및 용도는 부품 시험 절차서로 감지되었습니다. 시스템은 이 규격을 바탕으로 치수 준수 여부, 주기적인 제조 신뢰성 확보, 및 협력사 관리 가이드라인의 핵심 조항들을 자동으로 식별하여 추적하고 있습니다.",2026-05-27T17:15:54.360030
100,Porsche_F_360_309_Tire_Rolling_circumference_difference_FA_RA.PDF,Porsche,F 360 309,Testing Procedure F.360.309 (자동 추출),N/A,부품 시험 절차서 (Test Procedure),"이 문서는 완성차 제조사 Porsche의 F 360 309 관련 기술 표준서입니다. 자동 파싱 결과 문서의 주요 구성 및 용도는 부품 시험 절차서로 감지되었습니다. 시스템은 이 규격을 바탕으로 치수 준수 여부, 주기적인 제조 신뢰성 확보, 및 협력사 관리 가이드라인의 핵심 조항들을 자동으로 식별하여 추적하고 있습니다.",2026-05-27T17:15:52.998554
9,Porsche_F_360_501_Tire_Dry_Handling__Lane_Change.pdf,Porsche,F 360 501,Testing Procedure F.360.501 (자동 추출),N/A,부품 시험 절차서 (Test Procedure),"이 문서는 완성차 제조사 Porsche의 F 360 501 관련 기술 표준서입니다. 자동 파싱 결과 문서의 주요 구성 및 용도는 부품 시험 절차서로 감지되었습니다. 시스템은 이 규격을 바탕으로 치수 준수 여부, 주기적인 제조 신뢰성 확보, 및 협력사 관리 가이드라인의 핵심 조항들을 자동으로 식별하여 추적하고 있습니다.",2026-05-27T17:15:06.823541
114,Porsche_F_360_502_Tire_Wet_Handling.pdf,Porsche,F 360 502,Testing Procedure F.360.502 (자동 추출),N/A,부품 시험 절차서 (Test Procedure),"이 문서는 완성차 제조사 Porsche의 F 360 502 관련 기술 표준서입니다. 자동 파싱 결과 문서의 주요 구성 및 용도는 부품 시험 절차서로 감지되었습니다. 시스템은 이 규격을 바탕으로 치수 준수 여부, 주기적인 제조 신뢰성 확보, 및 협력사 관리 가이드라인의 핵심 조항들을 자동으로 식별하여 추적하고 있습니다.",2026-05-27T17:16:00.479156
69,Porsche_F_360_503_Tire_Driving_Comfort_Dry.pdf,Porsche,F 360 503,Testing Procedure F.360.503 (자동 추출),N/A,부품 시험 절차서 (Test Procedure),"이 문서는 완성차 제조사 Porsche의 F 360 503 관련 기술 표준서입니다. 자동 파싱 결과 문서의 주요 구성 및 용도는 부품 시험 절차서로 감지되었습니다. 시스템은 이 규격을 바탕으로 치수 준수 여부, 주기적인 제조 신뢰성 확보, 및 협력사 관리 가이드라인의 핵심 조항들을 자동으로 식별하여 추적하고 있습니다.",2026-05-27T17:15:43.633955
16,Porsche_F_360_504_Tire_Snow_Ice_Handling.pdf,Porsche,F 360 504,Testing Procedure F.360.504 (자동 추출),N/A,부품 시험 절차서 (Test Procedure),"이 문서는 완성차 제조사 Porsche의 F 360 504 관련 기술 표준서입니다. 자동 파싱 결과 문서의 주요 구성 및 용도는 부품 시험 절차서로 감지되었습니다. 시스템은 이 규격을 바탕으로 치수 준수 여부, 주기적인 제조 신뢰성 확보, 및 협력사 관리 가이드라인의 핵심 조항들을 자동으로 식별하여 추적하고 있습니다.",2026-05-27T17:15:08.580208
110,Porsche_F_360_104_Tire_Spring_characteristic_and_static_dimensions.pdf,Porsche,F_360_104,Tire Spring Characteristic and Static Dimensions (타이어 스프링 특성 및 정적 치수 측정 규격),2015-08-01,엔지니어링 시험 규격 (Engineering Standard / Test Procedure),"포르쉐(Porsche AG)의 스포츠카 서스펜션 튜닝과 타이어 지오메트리 설계를 뒷받침하는 핵심 타이어 규격서입니다. 타이어를 휠에 조립한 후 정해진 압력 하에서 시간에 따라 팽창하는 성장률(Growth)을 반영하여 외경, 단면폭 등 정적 치수를 정밀 측정하는 방법과, 수직(Radial), 횡방향(Lateral), 종방향(Longitudinal) 스프링 정수(Stiffness Rate, kN/mm)를 서보-유압 특수 시험 장비로 가압 인가하여 힘-변위 복원 곡선을 통해 산출하는 고정밀 스포츠 주행 성능 최적화 시험 절차입니다.",2026-05-27T17:16:00.270751
31,Renault_En_RNDS-C-00117_3.0.pdf,Renault,RNDS-C-00117,RNDS-C-00117_3.0 (자동 추출),2019.03.28,부품 시험 절차서 (Test Procedure),"이 문서는 완성차 제조사 Renault의 RNDS-C-00117 관련 기술 표준서입니다. 자동 파싱 결과 문서의 주요 구성 및 용도는 부품 시험 절차서로 감지되었습니다. 시스템은 이 규격을 바탕으로 치수 준수 여부, 주기적인 제조 신뢰성 확보, 및 협력사 관리 가이드라인의 핵심 조항들을 자동으로 식별하여 추적하고 있습니다.",2026-05-27T17:15:14.885006
24,Stellantis_10. FCA-CSR-EMEA_LATAM_Regions-20210315.pdf,Stellantis,FCA EMEA/LATAM CSR,Stellantis 10. FCA CSR EMEA LATAM Regions 20210315,2021-03-15,부품 시험 절차서 (Test Procedure),"이 문서는 완성차 제조사 Stellantis의 FCA EMEA/LATAM CSR 관련 기술 표준서입니다. 자동 파싱 결과 문서의 주요 구성 및 용도는 부품 시험 절차서로 감지되었습니다. 시스템은 이 규격을 바탕으로 치수 준수 여부, 주기적인 제조 신뢰성 확보, 및 협력사 관리 가이드라인의 핵심 조항들을 자동으로 식별하여 추적하고 있습니다.",2026-05-27T17:15:10.723246
150,Stellantis_11. FCA-Italy-S.p.a-Customer-Specific-Requirements-IATF16949_20181119_v03.pdf,Stellantis,FCA Italy IATF-CSR,Stellantis 11. FCA Italy S.p.a Customer Specific Requirements IATF16949 20181119 v03,N/A,부품 시험 절차서 (Test Procedure),"이 문서는 완성차 제조사 Stellantis의 FCA Italy IATF-CSR 관련 기술 표준서입니다. 자동 파싱 결과 문서의 주요 구성 및 용도는 부품 시험 절차서로 감지되었습니다. 시스템은 이 규격을 바탕으로 치수 준수 여부, 주기적인 제조 신뢰성 확보, 및 협력사 관리 가이드라인의 핵심 조항들을 자동으로 식별하여 추적하고 있습니다.",2026-05-27T17:16:21.259872
122,Stellantis_8. FCA-US-LLC-CSR-IATF-16949-20200805-final.pdf,Stellantis,FCA US CSR IATF-16949,Stellantis 8. FCA US LLC CSR IATF 16949 20200805 final,2020-08-05,부품 시험 절차서 (Test Procedure),"이 문서는 완성차 제조사 Stellantis의 FCA US CSR IATF-16949 관련 기술 표준서입니다. 자동 파싱 결과 문서의 주요 구성 및 용도는 부품 시험 절차서로 감지되었습니다. 시스템은 이 규격을 바탕으로 치수 준수 여부, 주기적인 제조 신뢰성 확보, 및 협력사 관리 가이드라인의 핵심 조항들을 자동으로 식별하여 추적하고 있습니다.",2026-05-27T17:16:04.270574
46,Stellantis_9. FCA-US-LLC-CSR-PPAP-20161017.pdf,Stellantis,FCA US CSR PPAP,Stellantis 9. FCA US LLC CSR PPAP 20161017,2016-10-17,부품 시험 절차서 (Test Procedure),"이 문서는 완성차 제조사 Stellantis의 FCA US CSR PPAP 관련 기술 표준서입니다. 자동 파싱 결과 문서의 주요 구성 및 용도는 부품 시험 절차서로 감지되었습니다. 시스템은 이 규격을 바탕으로 치수 준수 여부, 주기적인 제조 신뢰성 확보, 및 협력사 관리 가이드라인의 핵심 조항들을 자동으로 식별하여 추적하고 있습니다.",2026-05-27T17:15:25.869606
68,Stellantis_1. FCA-US-LLC-Customer-Specific-Requirements-for-IATF-16949-June-8-2018.pdf,Stellantis,FCA US IATF-CSR,Stellantis 1. FCA US LLC Customer Specific Requirements for IATF 16949 June 8 2018,N/A,부품 시험 절차서 (Test Procedure),"이 문서는 완성차 제조사 Stellantis의 FCA US IATF-CSR 관련 기술 표준서입니다. 자동 파싱 결과 문서의 주요 구성 및 용도는 부품 시험 절차서로 감지되었습니다. 시스템은 이 규격을 바탕으로 치수 준수 여부, 주기적인 제조 신뢰성 확보, 및 협력사 관리 가이드라인의 핵심 조항들을 자동으로 식별하여 추적하고 있습니다.",2026-05-27T17:15:42.639585
97,Stellantis_2. PF.90235_ harmonized tire.pdf,Stellantis,PF.90235,Stellantis 2. PF.90235 harmonized tire,N/A,부품 시험 절차서 (Test Procedure),"이 문서는 완성차 제조사 Stellantis의 PF.90235 관련 기술 표준서입니다. 자동 파싱 결과 문서의 주요 구성 및 용도는 부품 시험 절차서로 감지되었습니다. 시스템은 이 규격을 바탕으로 치수 준수 여부, 주기적인 제조 신뢰성 확보, 및 협력사 관리 가이드라인의 핵심 조항들을 자동으로 식별하여 추적하고 있습니다.",2026-05-27T17:15:51.111990
148,Stellantis_6. A5 Treadwear test procedure U10 procedure.pdf,Stellantis,Stellantis A5 U10,Stellantis 6. A5 Treadwear test procedure U10 procedure,N/A,부품 시험 절차서 (Test Procedure),"이 문서는 완성차 제조사 Stellantis의 Stellantis A5 U10 관련 기술 표준서입니다. 자동 파싱 결과 문서의 주요 구성 및 용도는 부품 시험 절차서로 감지되었습니다. 시스템은 이 규격을 바탕으로 치수 준수 여부, 주기적인 제조 신뢰성 확보, 및 협력사 관리 가이드라인의 핵심 조항들을 자동으로 식별하여 추적하고 있습니다.",2026-05-27T17:16:21.039407
160,Stellantis_5. A5 Treadwear test procedure U91 procedure.pdf,Stellantis,Stellantis A5 U91,Stellantis 5. A5 Treadwear test procedure U91 procedure,N/A,부품 시험 절차서 (Test Procedure),"이 문서는 완성차 제조사 Stellantis의 Stellantis A5 U91 관련 기술 표준서입니다. 자동 파싱 결과 문서의 주요 구성 및 용도는 부품 시험 절차서로 감지되었습니다. 시스템은 이 규격을 바탕으로 치수 준수 여부, 주기적인 제조 신뢰성 확보, 및 협력사 관리 가이드라인의 핵심 조항들을 자동으로 식별하여 추적하고 있습니다.",2026-05-27T17:16:26.723944
41,Stellantis_4. A6 chip-chunk-tear procedure.pdf,Stellantis,Stellantis A6 Procedure,Stellantis 4. A6 chip chunk tear procedure,N/A,부품 시험 절차서 (Test Procedure),"이 문서는 완성차 제조사 Stellantis의 Stellantis A6 Procedure 관련 기술 표준서입니다. 자동 파싱 결과 문서의 주요 구성 및 용도는 부품 시험 절차서로 감지되었습니다. 시스템은 이 규격을 바탕으로 치수 준수 여부, 주기적인 제조 신뢰성 확보, 및 협력사 관리 가이드라인의 핵심 조항들을 자동으로 식별하여 추적하고 있습니다.",2026-05-27T17:15:24.323012
98,Stellantis_7. Minimum-Automotive-Quality-Management-System-Requirements-for-Sub-tier-suppliers-2ndEd-rev2.pdf,Stellantis,Stellantis MAQMSR,Stellantis 7. Minimum Automotive Quality Management System Requirements for Sub tier suppliers 2ndEd rev2,N/A,부품 시험 절차서 (Test Procedure),"이 문서는 완성차 제조사 Stellantis의 Stellantis MAQMSR 관련 기술 표준서입니다. 자동 파싱 결과 문서의 주요 구성 및 용도는 부품 시험 절차서로 감지되었습니다. 시스템은 이 규격을 바탕으로 치수 준수 여부, 주기적인 제조 신뢰성 확보, 및 협력사 관리 가이드라인의 핵심 조항들을 자동으로 식별하여 추적하고 있습니다.",2026-05-27T17:15:52.385789
88,Stellantis_12. WHEEL AND TIRE ASSEMBLIES.pdf,Stellantis,Stellantis Wheel & Tire,Stellantis 12. WHEEL AND TIRE ASSEMBLIES,N/A,부품 시험 절차서 (Test Procedure),"이 문서는 완성차 제조사 Stellantis의 Stellantis Wheel & Tire 관련 기술 표준서입니다. 자동 파싱 결과 문서의 주요 구성 및 용도는 부품 시험 절차서로 감지되었습니다. 시스템은 이 규격을 바탕으로 치수 준수 여부, 주기적인 제조 신뢰성 확보, 및 협력사 관리 가이드라인의 핵심 조항들을 자동으로 식별하여 추적하고 있습니다.",2026-05-27T17:15:48.755925
151,Tesla_TS-1188211_01_TDIP255-45R19_19AS_180418.pdf,Tesla,TS-1188211 01,Tesla TS 1188211 01 TDIP255 45R19 19AS 180418,N/A,부품 시험 절차서 (Test Procedure),"이 문서는 완성차 제조사 Tesla의 TS-1188211 01 관련 기술 표준서입니다. 자동 파싱 결과 문서의 주요 구성 및 용도는 부품 시험 절차서로 감지되었습니다. 시스템은 이 규격을 바탕으로 치수 준수 여부, 주기적인 제조 신뢰성 확보, 및 협력사 관리 가이드라인의 핵심 조항들을 자동으로 식별하여 추적하고 있습니다.",2026-05-27T17:16:22.201634
51,Tesla_TS-1188251_03_TDIP255-45R19_19SU_DRAFT.pdf,Tesla,TS-1188251 03,Tesla TS 1188251 03 TDIP255 45R19 19SU DRAFT,N/A,부품 시험 절차서 (Test Procedure),"이 문서는 완성차 제조사 Tesla의 TS-1188251 03 관련 기술 표준서입니다. 자동 파싱 결과 문서의 주요 구성 및 용도는 부품 시험 절차서로 감지되었습니다. 시스템은 이 규격을 바탕으로 치수 준수 여부, 주기적인 제조 신뢰성 확보, 및 협력사 관리 가이드라인의 핵심 조항들을 자동으로 식별하여 추적하고 있습니다.",2026-05-27T17:15:35.916421
54,VW_Formel Q Capability_Audit Status 1_2012.pdf,VW,Formel Q Capability,Appendix to Formel Q Capability (자동 추출),N/A,품질 관리 사양 (Quality Assurance Standard),"이 문서는 완성차 제조사 VW의 Formel Q Capability 관련 기술 표준서입니다. 자동 파싱 결과 문서의 주요 구성 및 용도는 품질 관리 사양로 감지되었습니다. 시스템은 이 규격을 바탕으로 치수 준수 여부, 주기적인 제조 신뢰성 확보, 및 협력사 관리 가이드라인의 핵심 조항들을 자동으로 식별하여 추적하고 있습니다.",2026-05-27T17:15:39.271270
48,VW_Formel Q Konkret Status 9_2008.pdf,VW,Formel Q Konkret,Formula Q-concrete contains the specifications of the (자동 추출),N/A,부품 시험 절차서 (Test Procedure),"이 문서는 완성차 제조사 VW의 Formel Q Konkret 관련 기술 표준서입니다. 자동 파싱 결과 문서의 주요 구성 및 용도는 부품 시험 절차서로 감지되었습니다. 시스템은 이 규격을 바탕으로 치수 준수 여부, 주기적인 제조 신뢰성 확보, 및 협력사 관리 가이드라인의 핵심 조항들을 자동으로 식별하여 추적하고 있습니다.",2026-05-27T17:15:34.130566
99,VW_Formel Q Konkret Small Batch Status 10_2008.pdf,VW,Formel Q Konkret (Small Batch),agreed specifications for companies in the (자동 추출),N/A,부품 시험 절차서 (Test Procedure),"이 문서는 완성차 제조사 VW의 Formel Q Konkret (Small Batch) 관련 기술 표준서입니다. 자동 파싱 결과 문서의 주요 구성 및 용도는 부품 시험 절차서로 감지되었습니다. 시스템은 이 규격을 바탕으로 치수 준수 여부, 주기적인 제조 신뢰성 확보, 및 협력사 관리 가이드라인의 핵심 조항들을 자동으로 식별하여 추적하고 있습니다.",2026-05-27T17:15:52.537277
39,VW_Formel Q New Parts Integral Status 3_2006.pdf,VW,Formel Q New Parts Integral,Procedures with integrated acceptance (자동 추출),N/A,부품 시험 절차서 (Test Procedure),"이 문서는 완성차 제조사 VW의 Formel Q New Parts Integral 관련 기술 표준서입니다. 자동 파싱 결과 문서의 주요 구성 및 용도는 부품 시험 절차서로 감지되었습니다. 시스템은 이 규격을 바탕으로 치수 준수 여부, 주기적인 제조 신뢰성 확보, 및 협력사 관리 가이드라인의 핵심 조항들을 자동으로 식별하여 추적하고 있습니다.",2026-05-27T17:15:23.540403
62,VW_Guidelines_for_transferring_costs_associated_with_supplier_caused_field_and_0_km_complaints_01_09_2010.pdf,VW,Guidelines (01.09.2010),Guidelines for transferring costs associated with supplier-caused complaints (협력업체 귀책 공장/필드 불량 클레임 비용 전가 표준 가이드라인),2010-09-01,품질/상거래 분쟁 조절 표준 (Commercial & Quality Guideline),"폭스바겐(VW) 그룹의 고유 상거래품질 지침서로, 협력사 부품 귀책으로 인해 차량 조립 라인(0 km) 혹은 시장 주행 단계(Field Warranty)에서 발생한 불량에 따른 폭스바겐 그룹의 클레임 손실 비용(부품 교체 공임, 재작업 비용, 정비소 탁송, 선별 작업 비용 등)을 협력사에게 공정하고 체계적으로 비용 청구/정산하기 위한 절차서입니다. 책임 할당 비율 산정을 위한 기술적 계수(Technical Factor)의 검증, 정당한 이의 제기 창구 및 분석 처리 데드라인 보장을 설명합니다.",2026-05-27T17:15:40.167398
153,VW_1.PV3316.pdf,VW,PV3316,VW 1.PV3316,N/A,기타 사양서 (General Specification),"이 문서는 완성차 제조사 VW의 PV3316 관련 기술 표준서입니다. 자동 파싱 결과 문서의 주요 구성 및 용도는 일반 기술 표준로 감지되었습니다. 시스템은 이 규격을 바탕으로 치수 준수 여부, 주기적인 제조 신뢰성 확보, 및 협력사 관리 가이드라인의 핵심 조항들을 자동으로 식별하여 추적하고 있습니다.",2026-05-27T17:16:22.896960
56,VW_VW 99000-3 Design Release (Audi) and Engineering Release (VW)  Issue 10_2007.pdf,VW,VW 99000-3,"release, design release, performance specifications , planning release (자동 추출)",2007-10,부품 시험 절차서 (Test Procedure),"이 문서는 완성차 제조사 VW의 VW 99000-3 관련 기술 표준서입니다. 자동 파싱 결과 문서의 주요 구성 및 용도는 부품 시험 절차서로 감지되었습니다. 시스템은 이 규격을 바탕으로 치수 준수 여부, 주기적인 제조 신뢰성 확보, 및 협력사 관리 가이드라인의 핵심 조항들을 자동으로 식별하여 추적하고 있습니다.",2026-05-27T17:15:39.690785
81,VW_VW 99000-4 Technical engineering approval (BMG) Issue 10_2007.pdf,VW,VW 99000-4,"release, design release, performance specifications , planning release (자동 추출)",2007-10,부품 시험 절차서 (Test Procedure),"이 문서는 완성차 제조사 VW의 VW 99000-4 관련 기술 표준서입니다. 자동 파싱 결과 문서의 주요 구성 및 용도는 부품 시험 절차서로 감지되었습니다. 시스템은 이 규격을 바탕으로 치수 준수 여부, 주기적인 제조 신뢰성 확보, 및 협력사 관리 가이드라인의 핵심 조항들을 자동으로 식별하여 추적하고 있습니다.",2026-05-27T17:15:47.588324
32,VW_CAD_CAM_Data_Exchange_EN_Status_2012.pdf,VW,VW CAD/CAM Exchange,VW CAD CAM Data Exchange EN Status 2012,2012-08-13,부품 시험 절차서 (Test Procedure),"이 문서는 완성차 제조사 VW의 VW CAD/CAM Exchange 관련 기술 표준서입니다. 자동 파싱 결과 문서의 주요 구성 및 용도는 부품 시험 절차서로 감지되었습니다. 시스템은 이 규격을 바탕으로 치수 준수 여부, 주기적인 제조 신뢰성 확보, 및 협력사 관리 가이드라인의 핵심 조항들을 자동으로 식별하여 추적하고 있습니다.",2026-05-27T17:15:16.339219
66,VW_Volkswagen-Group-Customer-Specific-Requirements_Feb-2022.pdf,VW,VW CSR,VW Volkswagen Group Customer Specific Requirements Feb 2022,N/A,부품 시험 절차서 (Test Procedure),"이 문서는 완성차 제조사 VW의 VW CSR 관련 기술 표준서입니다. 자동 파싱 결과 문서의 주요 구성 및 용도는 부품 시험 절차서로 감지되었습니다. 시스템은 이 규격을 바탕으로 치수 준수 여부, 주기적인 제조 신뢰성 확보, 및 협력사 관리 가이드라인의 핵심 조항들을 자동으로 식별하여 추적하고 있습니다.",2026-05-27T17:15:42.394773
22,VW_Lieferantenanschreiben C Abwertung.pdf,VW,VW Lieferantenanschreiben C,VW Lieferantenanschreiben C Abwertung,N/A,기타 사양서 (General Specification),"이 문서는 완성차 제조사 VW의 VW Lieferantenanschreiben C 관련 기술 표준서입니다. 자동 파싱 결과 문서의 주요 구성 및 용도는 일반 기술 표준로 감지되었습니다. 시스템은 이 규격을 바탕으로 치수 준수 여부, 주기적인 제조 신뢰성 확보, 및 협력사 관리 가이드라인의 핵심 조항들을 자동으로 식별하여 추적하고 있습니다.",2026-05-27T17:15:10.129567
126,VW_Quality Documentation for pre-series phase Status 5_2001.pdf,VW,VW Pre-Series Quality Doc,VW Quality Documentation for pre series phase Status 5 2001,N/A,부품 시험 절차서 (Test Procedure),"이 문서는 완성차 제조사 VW의 VW Pre-Series Quality Doc 관련 기술 표준서입니다. 자동 파싱 결과 문서의 주요 구성 및 용도는 부품 시험 절차서로 감지되었습니다. 시스템은 이 규격을 바탕으로 치수 준수 여부, 주기적인 제조 신뢰성 확보, 및 협력사 관리 가이드라인의 핵심 조항들을 자동으로 식별하여 추적하고 있습니다.",2026-05-27T17:16:06.932363
8,VW_Supplier_Guide_for_Product_Development 2017.12.01.pdf,VW,VW Product Dev Supplier Guide,VW Supplier Guide for Product Development 2017.12.01,N/A,기타 사양서 (General Specification),"이 문서는 완성차 제조사 VW의 VW Product Dev Supplier Guide 관련 기술 표준서입니다. 자동 파싱 결과 문서의 주요 구성 및 용도는 일반 기술 표준로 감지되었습니다. 시스템은 이 규격을 바탕으로 치수 준수 여부, 주기적인 제조 신뢰성 확보, 및 협력사 관리 가이드라인의 핵심 조항들을 자동으로 식별하여 추적하고 있습니다.",2026-05-27T17:15:06.497921
83,VW_Supplier Letter C downgrade.pdf,VW,VW Supplier Letter C,VW Supplier Letter C downgrade,N/A,기타 사양서 (General Specification),"이 문서는 완성차 제조사 VW의 VW Supplier Letter C 관련 기술 표준서입니다. 자동 파싱 결과 문서의 주요 구성 및 용도는 일반 기술 표준로 감지되었습니다. 시스템은 이 규격을 바탕으로 치수 준수 여부, 주기적인 제조 신뢰성 확보, 및 협력사 관리 가이드라인의 핵심 조항들을 자동으로 식별하여 추적하고 있습니다.",2026-05-27T17:15:47.869535
147,VW_Tire-Wheel_Assembly 2015.11.06.pdf,VW,VW Tire-Wheel Assembly,VW Tire Wheel Assembly 2015.11.06,N/A,부품 시험 절차서 (Test Procedure),"이 문서는 완성차 제조사 VW의 VW Tire-Wheel Assembly 관련 기술 표준서입니다. 자동 파싱 결과 문서의 주요 구성 및 용도는 부품 시험 절차서로 감지되었습니다. 시스템은 이 규격을 바탕으로 치수 준수 여부, 주기적인 제조 신뢰성 확보, 및 협력사 관리 가이드라인의 핵심 조항들을 자동으로 식별하여 추적하고 있습니다.",2026-05-27T17:16:20.900137
